Rank,ID,Entrez ID,Master molecule name,Maximal radius,Reached from set,Reachable total,Score,FDR,Z-Score,Ranks sum,Hits,Hit names
1,P15408,2355,fosl2,4,29,3272,0.45623237,0.011,2.9956536,28,"[""10987"",""11315"",""1978"",""2060"",""22858"",""27020"",""29108"",""310"",""3164"",""4591"",""4830"",""5230"",""5291"",""54205"",""5478"",""5515"",""5604"",""5688"",""6596"",""6812"",""7336"",""7341"",""7384"",""7409"",""8061"",""8452"",""860"",""8803"",""9892""]","[""anxa7"",""cops5"",""cul3"",""cycs"",""eif4ebp1"",""eps15"",""fosl1"",""hltf"",""ick"",""map2k1"",""nme1"",""nptn"",""nr4a1"",""park7"",""pgk1"",""pik3cb"",""ppia"",""ppp2ca"",""psma7"",""pycard"",""runx2"",""snap91"",""stxbp1"",""sucla2"",""sumo1"",""trim37"",""ube2v2"",""uqcrc1"",""vav1""]"
2,P15407,8061,fosl1,4,30,3322,0.47385836,0.017,2.3904474,50,"[""10286"",""10987"",""11315"",""1978"",""2060"",""22858"",""27020"",""29108"",""310"",""3164"",""4591"",""4830"",""5230"",""5291"",""54205"",""5478"",""5515"",""5604"",""5688"",""6596"",""6812"",""7336"",""7341"",""7384"",""7409"",""8061"",""8452"",""860"",""8803"",""9892""]","[""anxa7"",""bcas2"",""cops5"",""cul3"",""cycs"",""eif4ebp1"",""eps15"",""fosl1"",""hltf"",""ick"",""map2k1"",""nme1"",""nptn"",""nr4a1"",""park7"",""pgk1"",""pik3cb"",""ppia"",""ppp2ca"",""psma7"",""pycard"",""runx2"",""snap91"",""stxbp1"",""sucla2"",""sumo1"",""trim37"",""ube2v2"",""uqcrc1"",""vav1""]"
3,Q9P0U3,29843,senp1,4,29,3178,0.42019632,0.018,2.5045416,54,"[""10987"",""11315"",""1978"",""2060"",""22858"",""27020"",""29108"",""310"",""3164"",""4591"",""4830"",""5230"",""54205"",""5478"",""5515"",""5604"",""5688"",""6596"",""6812"",""7336"",""7341"",""7384"",""7409"",""7516"",""8061"",""8452"",""860"",""8803"",""9892""]","[""anxa7"",""cops5"",""cul3"",""cycs"",""eif4ebp1"",""eps15"",""fosl1"",""hltf"",""ick"",""map2k1"",""nme1"",""nptn"",""nr4a1"",""park7"",""pgk1"",""ppia"",""ppp2ca"",""psma7"",""pycard"",""runx2"",""snap91"",""stxbp1"",""sucla2"",""sumo1"",""trim37"",""ube2v2"",""uqcrc1"",""vav1"",""xrcc2""]"
4,O60641,9892,snap91,4,24,2815,0.36134526,0.007,3.8716817,61,"[""10987"",""11315"",""1978"",""2060"",""22858"",""29108"",""310"",""3164"",""4591"",""5230"",""54205"",""5478"",""5515"",""5604"",""5688"",""6596"",""7336"",""7341"",""7409"",""8061"",""8452"",""860"",""8803"",""9892""]","[""anxa7"",""cops5"",""cul3"",""cycs"",""eif4ebp1"",""eps15"",""fosl1"",""hltf"",""ick"",""map2k1"",""nr4a1"",""park7"",""pgk1"",""ppia"",""ppp2ca"",""psma7"",""pycard"",""runx2"",""snap91"",""sucla2"",""sumo1"",""trim37"",""ube2v2"",""vav1""]"
5,P55789,2671,gfer,4,31,3385,0.4789119,0.017,2.1622481,63,"[""10286"",""10987"",""11315"",""1978"",""2060"",""22858"",""27020"",""29108"",""310"",""3164"",""4591"",""4830"",""5230"",""5291"",""54205"",""5478"",""5515"",""5604"",""5688"",""6596"",""6812"",""7336"",""7341"",""7384"",""7409"",""8061"",""8452"",""860"",""8766"",""8803"",""9892""]","[""anxa7"",""bcas2"",""cops5"",""cul3"",""cycs"",""eif4ebp1"",""eps15"",""fosl1"",""hltf"",""ick"",""map2k1"",""nme1"",""nptn"",""nr4a1"",""park7"",""pgk1"",""pik3cb"",""ppia"",""ppp2ca"",""psma7"",""pycard"",""rab11a"",""runx2"",""snap91"",""stxbp1"",""sucla2"",""sumo1"",""trim37"",""ube2v2"",""uqcrc1"",""vav1""]"
6,Q14108,950,scarb2,4,29,3291,0.41845724,0.022,2.315261,63,"[""10987"",""11315"",""1978"",""2060"",""22858"",""27020"",""29108"",""310"",""3164"",""4591"",""4830"",""5230"",""5291"",""54205"",""5478"",""5515"",""5604"",""5688"",""6596"",""6812"",""7336"",""7341"",""7384"",""7409"",""8061"",""8452"",""860"",""8803"",""9892""]","[""anxa7"",""cops5"",""cul3"",""cycs"",""eif4ebp1"",""eps15"",""fosl1"",""hltf"",""ick"",""map2k1"",""nme1"",""nptn"",""nr4a1"",""park7"",""pgk1"",""pik3cb"",""ppia"",""ppp2ca"",""psma7"",""pycard"",""runx2"",""snap91"",""stxbp1"",""sucla2"",""sumo1"",""trim37"",""ube2v2"",""uqcrc1"",""vav1""]"
7,O00255,4221,men1,4,29,3383,0.51593804,0.02,2.049837,67,"[""10987"",""11315"",""1978"",""2060"",""22858"",""27020"",""29108"",""310"",""3164"",""4591"",""4830"",""5230"",""5291"",""54205"",""5478"",""5515"",""5604"",""5688"",""6596"",""6812"",""7336"",""7341"",""7384"",""7409"",""8061"",""8452"",""860"",""8803"",""9892""]","[""anxa7"",""cops5"",""cul3"",""cycs"",""eif4ebp1"",""eps15"",""fosl1"",""hltf"",""ick"",""map2k1"",""nme1"",""nptn"",""nr4a1"",""park7"",""pgk1"",""pik3cb"",""ppia"",""ppp2ca"",""psma7"",""pycard"",""runx2"",""snap91"",""stxbp1"",""sucla2"",""sumo1"",""trim37"",""ube2v2"",""uqcrc1"",""vav1""]"
8,P17535,3727,jund,4,31,3421,0.5059578,0.012,2.0940685,67,"[""10987"",""11315"",""1978"",""2060"",""22858"",""27020"",""29108"",""310"",""3164"",""4591"",""4830"",""5230"",""5291"",""54205"",""5478"",""5515"",""5604"",""5688"",""57142"",""5901"",""6596"",""6812"",""7336"",""7341"",""7384"",""7409"",""8061"",""8452"",""860"",""8803"",""9892""]","[""anxa7"",""cops5"",""cul3"",""cycs"",""eif4ebp1"",""eps15"",""fosl1"",""hltf"",""ick"",""map2k1"",""nme1"",""nptn"",""nr4a1"",""park7"",""pgk1"",""pik3cb"",""ppia"",""ppp2ca"",""psma7"",""pycard"",""ran"",""rtn4"",""runx2"",""snap91"",""stxbp1"",""sucla2"",""sumo1"",""trim37"",""ube2v2"",""uqcrc1"",""vav1""]"
9,Q13586,6786,stim1,4,27,2956,0.3815989,0.021,2.781396,68,"[""10987"",""11315"",""1978"",""2060"",""22858"",""27020"",""29108"",""3164"",""4591"",""4830"",""5230"",""54205"",""5478"",""5515"",""5604"",""5688"",""6596"",""6812"",""7336"",""7341"",""7409"",""7516"",""8061"",""8452"",""860"",""8803"",""9892""]","[""cops5"",""cul3"",""cycs"",""eif4ebp1"",""eps15"",""fosl1"",""hltf"",""ick"",""map2k1"",""nme1"",""nptn"",""nr4a1"",""park7"",""pgk1"",""ppia"",""ppp2ca"",""psma7"",""pycard"",""runx2"",""snap91"",""stxbp1"",""sucla2"",""sumo1"",""trim37"",""ube2v2"",""vav1"",""xrcc2""]"
10,P46060,5905,rangap1,4,25,2472,0.32363468,0.013,3.428812,70,"[""10987"",""11315"",""1978"",""2060"",""3164"",""4591"",""4830"",""5230"",""54205"",""5478"",""5515"",""5604"",""5688"",""5901"",""6596"",""6812"",""7336"",""7341"",""7409"",""7516"",""8061"",""8452"",""860"",""8803"",""9892""]","[""cops5"",""cul3"",""cycs"",""eif4ebp1"",""eps15"",""fosl1"",""hltf"",""map2k1"",""nme1"",""nr4a1"",""park7"",""pgk1"",""ppia"",""ppp2ca"",""psma7"",""ran"",""runx2"",""snap91"",""stxbp1"",""sucla2"",""sumo1"",""trim37"",""ube2v2"",""vav1"",""xrcc2""]"
11,P02008,3050,hbz,4,29,3271,0.4063715,0.018,2.2574213,72,"[""10987"",""11315"",""1978"",""2060"",""22858"",""27020"",""29108"",""310"",""3164"",""4591"",""4830"",""5230"",""5291"",""54205"",""5478"",""5515"",""5604"",""5688"",""6596"",""6812"",""7336"",""7341"",""7384"",""7409"",""8061"",""8452"",""860"",""8803"",""9892""]","[""anxa7"",""cops5"",""cul3"",""cycs"",""eif4ebp1"",""eps15"",""fosl1"",""hltf"",""ick"",""map2k1"",""nme1"",""nptn"",""nr4a1"",""park7"",""pgk1"",""pik3cb"",""ppia"",""ppp2ca"",""psma7"",""pycard"",""runx2"",""snap91"",""stxbp1"",""sucla2"",""sumo1"",""trim37"",""ube2v2"",""uqcrc1"",""vav1""]"
12,Q9NSC2,6299,sall1,4,27,2779,0.3508725,0.016,3.0232835,73,"[""10987"",""11315"",""1978"",""2060"",""22858"",""27020"",""3164"",""4591"",""5230"",""54205"",""5478"",""5515"",""5604"",""5688"",""57142"",""6596"",""6812"",""7336"",""7341"",""7384"",""7409"",""7516"",""8061"",""8452"",""860"",""8803"",""9892""]","[""cops5"",""cul3"",""cycs"",""eif4ebp1"",""eps15"",""fosl1"",""hltf"",""ick"",""map2k1"",""nptn"",""nr4a1"",""park7"",""pgk1"",""ppia"",""ppp2ca"",""psma7"",""rtn4"",""runx2"",""snap91"",""stxbp1"",""sucla2"",""sumo1"",""trim37"",""ube2v2"",""uqcrc1"",""vav1"",""xrcc2""]"
13,Q92905,10987,cops5,4,31,3412,0.49729416,0.025,2.012478,74,"[""10987"",""11315"",""1978"",""2060"",""22858"",""27020"",""29108"",""310"",""3164"",""4591"",""4830"",""5230"",""5291"",""54205"",""5478"",""5515"",""5604"",""5688"",""57142"",""5901"",""6596"",""6812"",""7336"",""7341"",""7384"",""7409"",""8061"",""8452"",""860"",""8803"",""9892""]","[""anxa7"",""cops5"",""cul3"",""cycs"",""eif4ebp1"",""eps15"",""fosl1"",""hltf"",""ick"",""map2k1"",""nme1"",""nptn"",""nr4a1"",""park7"",""pgk1"",""pik3cb"",""ppia"",""ppp2ca"",""psma7"",""pycard"",""ran"",""rtn4"",""runx2"",""snap91"",""stxbp1"",""sucla2"",""sumo1"",""trim37"",""ube2v2"",""uqcrc1"",""vav1""]"
14,P52564,5608,map2k6,4,31,3420,0.50950277,0.022,2.0053797,75,"[""10987"",""11315"",""1978"",""2060"",""22858"",""27020"",""29108"",""310"",""3164"",""4591"",""4830"",""5230"",""5291"",""54205"",""5478"",""5515"",""5604"",""5688"",""57142"",""5901"",""6596"",""6812"",""7336"",""7341"",""7384"",""7409"",""8061"",""8452"",""860"",""8803"",""9892""]","[""anxa7"",""cops5"",""cul3"",""cycs"",""eif4ebp1"",""eps15"",""fosl1"",""hltf"",""ick"",""map2k1"",""nme1"",""nptn"",""nr4a1"",""park7"",""pgk1"",""pik3cb"",""ppia"",""ppp2ca"",""psma7"",""pycard"",""ran"",""rtn4"",""runx2"",""snap91"",""stxbp1"",""sucla2"",""sumo1"",""trim37"",""ube2v2"",""uqcrc1"",""vav1""]"
15,P15531,4830,nme1,4,24,2569,0.32074565,0.022,3.0976307,76,"[""10987"",""1978"",""2060"",""22858"",""27020"",""29108"",""3164"",""4591"",""4830"",""5230"",""54205"",""5478"",""5515"",""5604"",""5688"",""6596"",""6812"",""7336"",""7341"",""7409"",""8061"",""860"",""8803"",""9892""]","[""cops5"",""cycs"",""eif4ebp1"",""eps15"",""fosl1"",""hltf"",""ick"",""map2k1"",""nme1"",""nptn"",""nr4a1"",""pgk1"",""ppia"",""ppp2ca"",""psma7"",""pycard"",""runx2"",""snap91"",""stxbp1"",""sucla2"",""sumo1"",""trim37"",""ube2v2"",""vav1""]"
16,Q9HAU4,64750,smurf2,4,28,3080,0.39468634,0.036,2.3077555,76,"[""10987"",""11315"",""1978"",""2060"",""22858"",""29108"",""310"",""3164"",""4591"",""4830"",""5230"",""5291"",""54205"",""5478"",""5515"",""5604"",""5688"",""6596"",""6812"",""7336"",""7341"",""7384"",""7409"",""8061"",""8452"",""860"",""8803"",""9892""]","[""anxa7"",""cops5"",""cul3"",""cycs"",""eif4ebp1"",""eps15"",""fosl1"",""hltf"",""ick"",""map2k1"",""nme1"",""nr4a1"",""park7"",""pgk1"",""pik3cb"",""ppia"",""ppp2ca"",""psma7"",""pycard"",""runx2"",""snap91"",""stxbp1"",""sucla2"",""sumo1"",""trim37"",""ube2v2"",""uqcrc1"",""vav1""]"
17,P11279,3916,lamp1,4,30,3275,0.40815946,0.022,2.1737833,77,"[""10987"",""11315"",""1978"",""2060"",""22858"",""27020"",""29108"",""310"",""3164"",""4591"",""4830"",""5230"",""5291"",""54205"",""5478"",""5515"",""5604"",""5688"",""5901"",""6596"",""6812"",""7336"",""7341"",""7384"",""7409"",""8061"",""8452"",""860"",""8803"",""9892""]","[""anxa7"",""cops5"",""cul3"",""cycs"",""eif4ebp1"",""eps15"",""fosl1"",""hltf"",""ick"",""map2k1"",""nme1"",""nptn"",""nr4a1"",""park7"",""pgk1"",""pik3cb"",""ppia"",""ppp2ca"",""psma7"",""pycard"",""ran"",""runx2"",""snap91"",""stxbp1"",""sucla2"",""sumo1"",""trim37"",""ube2v2"",""uqcrc1"",""vav1""]"
18,Q14190,6493,sim2,4,28,3121,0.3940234,0.026,2.3000965,79,"[""10987"",""11315"",""1978"",""2060"",""22858"",""27020"",""29108"",""3164"",""4591"",""4830"",""5230"",""5291"",""54205"",""5478"",""5515"",""5604"",""5688"",""6596"",""6812"",""7336"",""7341"",""7409"",""7516"",""8061"",""8452"",""860"",""8803"",""9892""]","[""cops5"",""cul3"",""cycs"",""eif4ebp1"",""eps15"",""fosl1"",""hltf"",""ick"",""map2k1"",""nme1"",""nptn"",""nr4a1"",""park7"",""pgk1"",""pik3cb"",""ppia"",""ppp2ca"",""psma7"",""pycard"",""runx2"",""snap91"",""stxbp1"",""sucla2"",""sumo1"",""trim37"",""ube2v2"",""vav1"",""xrcc2""]"
19,O43541,4091,smad6,4,27,2952,0.38158953,0.032,2.5894656,80,"[""10987"",""11315"",""1978"",""2060"",""22858"",""29108"",""310"",""3164"",""4591"",""4830"",""5230"",""5291"",""54205"",""5478"",""5515"",""5604"",""5688"",""6596"",""6812"",""7336"",""7341"",""7409"",""8061"",""8452"",""860"",""8803"",""9892""]","[""anxa7"",""cops5"",""cul3"",""cycs"",""eif4ebp1"",""eps15"",""fosl1"",""hltf"",""ick"",""map2k1"",""nme1"",""nr4a1"",""park7"",""pgk1"",""pik3cb"",""ppia"",""ppp2ca"",""psma7"",""pycard"",""runx2"",""snap91"",""stxbp1"",""sucla2"",""sumo1"",""trim37"",""ube2v2"",""vav1""]"
20,Q05066,6736,sry,4,26,2780,0.32449844,0.023,2.757889,80,"[""10987"",""11315"",""1978"",""2060"",""22858"",""27020"",""29108"",""3164"",""4591"",""4830"",""5230"",""54205"",""5478"",""5515"",""5604"",""5688"",""6596"",""6812"",""7336"",""7341"",""7409"",""8061"",""8452"",""860"",""8803"",""9892""]","[""cops5"",""cul3"",""cycs"",""eif4ebp1"",""eps15"",""fosl1"",""hltf"",""ick"",""map2k1"",""nme1"",""nptn"",""nr4a1"",""park7"",""pgk1"",""ppia"",""ppp2ca"",""psma7"",""pycard"",""runx2"",""snap91"",""stxbp1"",""sucla2"",""sumo1"",""trim37"",""ube2v2"",""vav1""]"
21,Q13618,8452,cul3,4,24,2348,0.30989358,0.015,3.1135163,80,"[""10987"",""11315"",""1978"",""2060"",""22858"",""29108"",""3164"",""4591"",""4830"",""5230"",""54205"",""5478"",""5515"",""5604"",""5688"",""6596"",""6812"",""7336"",""7341"",""7409"",""8061"",""8452"",""860"",""8803""]","[""cops5"",""cul3"",""cycs"",""eif4ebp1"",""eps15"",""fosl1"",""hltf"",""ick"",""map2k1"",""nme1"",""nr4a1"",""park7"",""pgk1"",""ppia"",""ppp2ca"",""psma7"",""pycard"",""runx2"",""stxbp1"",""sucla2"",""sumo1"",""trim37"",""ube2v2"",""vav1""]"
22,P78563,104,adarb1,4,24,2489,0.30502036,0.019,3.1973124,81,"[""10987"",""11315"",""1978"",""2060"",""22858"",""29108"",""3164"",""4591"",""4830"",""5230"",""54205"",""5478"",""5515"",""5604"",""5688"",""6596"",""6812"",""7336"",""7341"",""7409"",""8061"",""8452"",""860"",""8803""]","[""cops5"",""cul3"",""cycs"",""eif4ebp1"",""eps15"",""fosl1"",""hltf"",""ick"",""map2k1"",""nme1"",""nr4a1"",""park7"",""pgk1"",""ppia"",""ppp2ca"",""psma7"",""pycard"",""runx2"",""stxbp1"",""sucla2"",""sumo1"",""trim37"",""ube2v2"",""vav1""]"
23,Q9HC62,59343,senp2,4,27,2472,0.31206694,0.019,2.8743105,81,"[""10987"",""11315"",""1978"",""2060"",""29108"",""3164"",""4591"",""4830"",""5230"",""54205"",""5478"",""5515"",""5604"",""5688"",""5901"",""6596"",""6812"",""7336"",""7341"",""7384"",""7409"",""7516"",""8061"",""8452"",""860"",""8803"",""9892""]","[""cops5"",""cul3"",""cycs"",""eif4ebp1"",""eps15"",""fosl1"",""hltf"",""map2k1"",""nme1"",""nr4a1"",""park7"",""pgk1"",""ppia"",""ppp2ca"",""psma7"",""pycard"",""ran"",""runx2"",""snap91"",""stxbp1"",""sucla2"",""sumo1"",""trim37"",""ube2v2"",""uqcrc1"",""vav1"",""xrcc2""]"
24,P27361,5595,mapk3,4,32,3498,0.54672116,0.022,1.824841,84,"[""10286"",""10987"",""11315"",""1978"",""2060"",""22858"",""27020"",""29108"",""310"",""3164"",""4591"",""4830"",""5230"",""5291"",""54205"",""5478"",""5515"",""5604"",""5688"",""57142"",""5901"",""6596"",""6812"",""7336"",""7341"",""7384"",""7409"",""8061"",""8452"",""860"",""8803"",""9892""]","[""anxa7"",""bcas2"",""cops5"",""cul3"",""cycs"",""eif4ebp1"",""eps15"",""fosl1"",""hltf"",""ick"",""map2k1"",""nme1"",""nptn"",""nr4a1"",""park7"",""pgk1"",""pik3cb"",""ppia"",""ppp2ca"",""psma7"",""pycard"",""ran"",""rtn4"",""runx2"",""snap91"",""stxbp1"",""sucla2"",""sumo1"",""trim37"",""ube2v2"",""uqcrc1"",""vav1""]"
25,Q9BZR6,65078,rtn4r,4,24,2329,0.29337332,0.02,3.5126562,85,"[""10987"",""1978"",""2060"",""22858"",""27020"",""3164"",""4591"",""4830"",""5230"",""54205"",""5478"",""5515"",""5604"",""5688"",""57142"",""6596"",""6812"",""7336"",""7341"",""7409"",""8061"",""860"",""8803"",""9892""]","[""cops5"",""cycs"",""eif4ebp1"",""eps15"",""fosl1"",""hltf"",""ick"",""map2k1"",""nme1"",""nptn"",""nr4a1"",""pgk1"",""ppia"",""ppp2ca"",""psma7"",""rtn4"",""runx2"",""snap91"",""stxbp1"",""sucla2"",""sumo1"",""trim37"",""ube2v2"",""vav1""]"
26,P20645,4074,m6pr,4,29,3295,0.4183781,0.041,2.0279398,86,"[""10987"",""11315"",""1978"",""2060"",""22858"",""27020"",""29108"",""310"",""3164"",""4591"",""4830"",""5230"",""5291"",""54205"",""5478"",""5515"",""5604"",""5688"",""6596"",""6812"",""7336"",""7341"",""7384"",""7409"",""8061"",""8452"",""860"",""8803"",""9892""]","[""anxa7"",""cops5"",""cul3"",""cycs"",""eif4ebp1"",""eps15"",""fosl1"",""hltf"",""ick"",""map2k1"",""nme1"",""nptn"",""nr4a1"",""park7"",""pgk1"",""pik3cb"",""ppia"",""ppp2ca"",""psma7"",""pycard"",""runx2"",""snap91"",""stxbp1"",""sucla2"",""sumo1"",""trim37"",""ube2v2"",""uqcrc1"",""vav1""]"
27,P49792,5903,ranbp2,4,26,2728,0.3606964,0.026,2.556955,86,"[""10987"",""11315"",""1978"",""2060"",""22858"",""3164"",""4591"",""4830"",""5230"",""54205"",""5478"",""5515"",""5604"",""5688"",""5901"",""6596"",""6812"",""7336"",""7341"",""7409"",""7516"",""8061"",""8452"",""860"",""8803"",""9892""]","[""cops5"",""cul3"",""cycs"",""eif4ebp1"",""eps15"",""fosl1"",""hltf"",""ick"",""map2k1"",""nme1"",""nr4a1"",""park7"",""pgk1"",""ppia"",""ppp2ca"",""psma7"",""ran"",""runx2"",""snap91"",""stxbp1"",""sucla2"",""sumo1"",""trim37"",""ube2v2"",""vav1"",""xrcc2""]"
28,Q99497,11315,park7,4,29,3254,0.43137375,0.042,1.9651194,90,"[""10286"",""10987"",""11315"",""1978"",""2060"",""22858"",""27020"",""29108"",""3164"",""4591"",""4830"",""5230"",""54205"",""5478"",""5515"",""5604"",""5688"",""6596"",""6812"",""7336"",""7341"",""7384"",""7409"",""7516"",""8061"",""8452"",""860"",""8803"",""9892""]","[""bcas2"",""cops5"",""cul3"",""cycs"",""eif4ebp1"",""eps15"",""fosl1"",""hltf"",""ick"",""map2k1"",""nme1"",""nptn"",""nr4a1"",""park7"",""pgk1"",""ppia"",""ppp2ca"",""psma7"",""pycard"",""runx2"",""snap91"",""stxbp1"",""sucla2"",""sumo1"",""trim37"",""ube2v2"",""uqcrc1"",""vav1"",""xrcc2""]"
29,Q9UKA9,58155,ptbp2,4,25,2628,0.30627552,0.015,2.711889,90,"[""10987"",""11315"",""1978"",""2060"",""27020"",""29108"",""3164"",""4591"",""5230"",""54205"",""5478"",""5515"",""5604"",""5688"",""58155"",""6596"",""6812"",""7336"",""7341"",""7409"",""8061"",""8452"",""860"",""8803"",""9892""]","[""cops5"",""cul3"",""cycs"",""eif4ebp1"",""eps15"",""fosl1"",""hltf"",""map2k1"",""nptn"",""nr4a1"",""park7"",""pgk1"",""ppia"",""ppp2ca"",""psma7"",""ptbp2"",""pycard"",""runx2"",""snap91"",""stxbp1"",""sucla2"",""sumo1"",""trim37"",""ube2v2"",""vav1""]"
30,P00441,6647,sod1,4,27,3030,0.353194,0.023,2.4625762,91,"[""10987"",""11315"",""1978"",""2060"",""22858"",""27020"",""29108"",""310"",""3164"",""4591"",""4830"",""5230"",""54205"",""5478"",""5515"",""5604"",""5688"",""6596"",""6812"",""7336"",""7341"",""7409"",""8061"",""8452"",""860"",""8803"",""9892""]","[""anxa7"",""cops5"",""cul3"",""cycs"",""eif4ebp1"",""eps15"",""fosl1"",""hltf"",""ick"",""map2k1"",""nme1"",""nptn"",""nr4a1"",""park7"",""pgk1"",""ppia"",""ppp2ca"",""psma7"",""pycard"",""runx2"",""snap91"",""stxbp1"",""sucla2"",""sumo1"",""trim37"",""ube2v2"",""vav1""]"
31,P61086,3093,hip2,4,22,2389,0.28835216,0.012,3.2154372,91,"[""10987"",""1978"",""2060"",""22858"",""29108"",""3093"",""3164"",""4591"",""5230"",""54205"",""5478"",""5515"",""5604"",""5688"",""6596"",""6812"",""7341"",""7409"",""8061"",""860"",""8803"",""9892""]","[""cops5"",""cycs"",""eif4ebp1"",""eps15"",""fosl1"",""hip2"",""hltf"",""ick"",""map2k1"",""nr4a1"",""pgk1"",""ppia"",""ppp2ca"",""psma7"",""pycard"",""runx2"",""snap91"",""stxbp1"",""sucla2"",""sumo1"",""trim37"",""vav1""]"
32,Q16621,4778,nfe2,4,29,3270,0.40188834,0.02,2.0866094,91,"[""10987"",""11315"",""1978"",""2060"",""22858"",""27020"",""29108"",""310"",""3164"",""4591"",""4830"",""5230"",""5291"",""54205"",""5478"",""5515"",""5604"",""5688"",""6596"",""6812"",""7336"",""7341"",""7384"",""7409"",""8061"",""8452"",""860"",""8803"",""9892""]","[""anxa7"",""cops5"",""cul3"",""cycs"",""eif4ebp1"",""eps15"",""fosl1"",""hltf"",""ick"",""map2k1"",""nme1"",""nptn"",""nr4a1"",""park7"",""pgk1"",""pik3cb"",""ppia"",""ppp2ca"",""psma7"",""pycard"",""runx2"",""snap91"",""stxbp1"",""sucla2"",""sumo1"",""trim37"",""ube2v2"",""uqcrc1"",""vav1""]"
33,Q92783,8027,stam,4,25,2879,0.3618002,0.031,2.424845,91,"[""10987"",""1978"",""2060"",""22858"",""27020"",""29108"",""3164"",""4591"",""4830"",""5230"",""5291"",""54205"",""5478"",""5515"",""5604"",""5688"",""6596"",""6812"",""7336"",""7341"",""7409"",""8061"",""860"",""8803"",""9892""]","[""cops5"",""cycs"",""eif4ebp1"",""eps15"",""fosl1"",""hltf"",""ick"",""map2k1"",""nme1"",""nptn"",""nr4a1"",""pgk1"",""pik3cb"",""ppia"",""ppp2ca"",""psma7"",""pycard"",""runx2"",""snap91"",""stxbp1"",""sucla2"",""sumo1"",""trim37"",""ube2v2"",""vav1""]"
34,Q9Y5W3,10365,klf2,4,28,2988,0.36340716,0.036,2.399182,91,"[""10987"",""11315"",""1978"",""2060"",""22858"",""27020"",""29108"",""3164"",""4591"",""4830"",""5230"",""5291"",""54205"",""5478"",""5515"",""5604"",""5688"",""6596"",""6812"",""7336"",""7341"",""7409"",""8061"",""8452"",""860"",""8766"",""8803"",""9892""]","[""cops5"",""cul3"",""cycs"",""eif4ebp1"",""eps15"",""fosl1"",""hltf"",""ick"",""map2k1"",""nme1"",""nptn"",""nr4a1"",""park7"",""pgk1"",""pik3cb"",""ppia"",""ppp2ca"",""psma7"",""pycard"",""rab11a"",""runx2"",""snap91"",""stxbp1"",""sucla2"",""sumo1"",""trim37"",""ube2v2"",""vav1""]"
35,Q8NFT8,92737,dner,4,29,3281,0.4016893,0.022,2.0482173,94,"[""10987"",""11315"",""1978"",""2060"",""22858"",""27020"",""29108"",""310"",""3164"",""4591"",""4830"",""5230"",""5291"",""54205"",""5478"",""5515"",""5604"",""5688"",""6596"",""6812"",""7336"",""7341"",""7384"",""7409"",""8061"",""8452"",""860"",""8803"",""9892""]","[""anxa7"",""cops5"",""cul3"",""cycs"",""eif4ebp1"",""eps15"",""fosl1"",""hltf"",""ick"",""map2k1"",""nme1"",""nptn"",""nr4a1"",""park7"",""pgk1"",""pik3cb"",""ppia"",""ppp2ca"",""psma7"",""pycard"",""runx2"",""snap91"",""stxbp1"",""sucla2"",""sumo1"",""trim37"",""ube2v2"",""uqcrc1"",""vav1""]"
36,P55042,6236,rrad,4,26,2663,0.31268245,0.023,2.5530038,95,"[""10286"",""10987"",""1978"",""2060"",""22858"",""29108"",""310"",""3164"",""4591"",""4830"",""5230"",""54205"",""5478"",""5515"",""5604"",""5688"",""6596"",""6812"",""7336"",""7341"",""7409"",""8061"",""860"",""8766"",""8803"",""9892""]","[""anxa7"",""bcas2"",""cops5"",""cycs"",""eif4ebp1"",""eps15"",""fosl1"",""hltf"",""ick"",""map2k1"",""nme1"",""nr4a1"",""pgk1"",""ppia"",""ppp2ca"",""psma7"",""pycard"",""rab11a"",""runx2"",""snap91"",""stxbp1"",""sucla2"",""sumo1"",""trim37"",""ube2v2"",""vav1""]"
37,P53779,5602,mapk10,4,31,3342,0.43325323,0.045,1.8676814,97,"[""10987"",""11315"",""1978"",""2060"",""22858"",""27020"",""29108"",""310"",""3164"",""4591"",""4830"",""5230"",""5291"",""54205"",""5478"",""5515"",""5604"",""5688"",""57142"",""5901"",""6596"",""6812"",""7336"",""7341"",""7384"",""7409"",""8061"",""8452"",""860"",""8803"",""9892""]","[""anxa7"",""cops5"",""cul3"",""cycs"",""eif4ebp1"",""eps15"",""fosl1"",""hltf"",""ick"",""map2k1"",""nme1"",""nptn"",""nr4a1"",""park7"",""pgk1"",""pik3cb"",""ppia"",""ppp2ca"",""psma7"",""pycard"",""ran"",""rtn4"",""runx2"",""snap91"",""stxbp1"",""sucla2"",""sumo1"",""trim37"",""ube2v2"",""uqcrc1"",""vav1""]"
38,Q13098,2873,gps1,4,24,2028,0.26198253,0.011,4.0102463,98,"[""10987"",""11315"",""1978"",""2060"",""22858"",""3164"",""4591"",""4830"",""5230"",""54205"",""5478"",""5515"",""5604"",""5688"",""6596"",""6812"",""7336"",""7341"",""7409"",""8061"",""8452"",""860"",""8803"",""9892""]","[""cops5"",""cul3"",""cycs"",""eif4ebp1"",""eps15"",""fosl1"",""hltf"",""ick"",""map2k1"",""nme1"",""nr4a1"",""park7"",""pgk1"",""ppia"",""ppp2ca"",""psma7"",""runx2"",""snap91"",""stxbp1"",""sucla2"",""sumo1"",""trim37"",""ube2v2"",""vav1""]"
39,Q14814,4209,mef2d,4,31,3502,0.51640016,0.032,1.7505962,98,"[""10286"",""10987"",""11315"",""1978"",""2060"",""22858"",""27020"",""29108"",""310"",""3164"",""4591"",""4830"",""5230"",""5291"",""54205"",""5478"",""5515"",""5604"",""5688"",""6596"",""6812"",""7336"",""7341"",""7384"",""7409"",""7516"",""8061"",""8452"",""860"",""8803"",""9892""]","[""anxa7"",""bcas2"",""cops5"",""cul3"",""cycs"",""eif4ebp1"",""eps15"",""fosl1"",""hltf"",""ick"",""map2k1"",""nme1"",""nptn"",""nr4a1"",""park7"",""pgk1"",""pik3cb"",""ppia"",""ppp2ca"",""psma7"",""pycard"",""runx2"",""snap91"",""stxbp1"",""sucla2"",""sumo1"",""trim37"",""ube2v2"",""uqcrc1"",""vav1"",""xrcc2""]"
40,P29466,834,casp1,4,31,3352,0.448,0.042,1.7984406,99,"[""10286"",""10987"",""11315"",""1978"",""2060"",""22858"",""27020"",""29108"",""310"",""3164"",""4591"",""4830"",""5230"",""5291"",""54205"",""5478"",""5515"",""5604"",""5688"",""6596"",""6812"",""7336"",""7341"",""7409"",""7516"",""8061"",""8452"",""860"",""8766"",""8803"",""9892""]","[""anxa7"",""bcas2"",""cops5"",""cul3"",""cycs"",""eif4ebp1"",""eps15"",""fosl1"",""hltf"",""ick"",""map2k1"",""nme1"",""nptn"",""nr4a1"",""park7"",""pgk1"",""pik3cb"",""ppia"",""ppp2ca"",""psma7"",""pycard"",""rab11a"",""runx2"",""snap91"",""stxbp1"",""sucla2"",""sumo1"",""trim37"",""ube2v2"",""vav1"",""xrcc2""]"
41,O75935,11258,dctn3,4,29,3137,0.38536552,0.034,2.1886046,100,"[""10286"",""10987"",""11315"",""1978"",""2060"",""22858"",""27020"",""29108"",""3164"",""4591"",""4830"",""5230"",""5291"",""54205"",""5478"",""5515"",""5604"",""5688"",""6596"",""6812"",""7336"",""7341"",""7409"",""7516"",""8061"",""8452"",""860"",""8803"",""9892""]","[""bcas2"",""cops5"",""cul3"",""cycs"",""eif4ebp1"",""eps15"",""fosl1"",""hltf"",""ick"",""map2k1"",""nme1"",""nptn"",""nr4a1"",""park7"",""pgk1"",""pik3cb"",""ppia"",""ppp2ca"",""psma7"",""pycard"",""runx2"",""snap91"",""stxbp1"",""sucla2"",""sumo1"",""trim37"",""ube2v2"",""vav1"",""xrcc2""]"
42,P10747,940,cd28,4,31,3522,0.5722137,0.029,1.6500295,101,"[""10286"",""10987"",""11315"",""1978"",""2060"",""22858"",""27020"",""29108"",""310"",""3164"",""4591"",""4830"",""5230"",""5291"",""54205"",""5478"",""5515"",""5604"",""5688"",""6596"",""6812"",""7336"",""7341"",""7384"",""7409"",""8061"",""8452"",""860"",""8766"",""8803"",""9892""]","[""anxa7"",""bcas2"",""cops5"",""cul3"",""cycs"",""eif4ebp1"",""eps15"",""fosl1"",""hltf"",""ick"",""map2k1"",""nme1"",""nptn"",""nr4a1"",""park7"",""pgk1"",""pik3cb"",""ppia"",""ppp2ca"",""psma7"",""pycard"",""rab11a"",""runx2"",""snap91"",""stxbp1"",""sucla2"",""sumo1"",""trim37"",""ube2v2"",""uqcrc1"",""vav1""]"
43,Q8WXE9,85439,ston2,4,24,2814,0.3114453,0.022,2.447284,102,"[""10987"",""11315"",""1978"",""2060"",""22858"",""29108"",""310"",""3164"",""4591"",""5230"",""54205"",""5478"",""5515"",""5604"",""5688"",""6596"",""7336"",""7341"",""7409"",""8061"",""8452"",""860"",""8803"",""9892""]","[""anxa7"",""cops5"",""cul3"",""cycs"",""eif4ebp1"",""eps15"",""fosl1"",""hltf"",""ick"",""map2k1"",""nr4a1"",""park7"",""pgk1"",""ppia"",""ppp2ca"",""psma7"",""pycard"",""runx2"",""snap91"",""sucla2"",""sumo1"",""trim37"",""ube2v2"",""vav1""]"
44,P52566,397,arhgdib,4,22,2473,0.28764796,0.016,2.694439,104,"[""10987"",""1978"",""2060"",""22858"",""27020"",""3164"",""4591"",""5230"",""5291"",""54205"",""5478"",""5515"",""5604"",""6596"",""6812"",""7336"",""7341"",""7409"",""8061"",""860"",""8803"",""9892""]","[""cops5"",""cycs"",""eif4ebp1"",""eps15"",""fosl1"",""hltf"",""ick"",""map2k1"",""nptn"",""nr4a1"",""pgk1"",""pik3cb"",""ppia"",""ppp2ca"",""runx2"",""snap91"",""stxbp1"",""sucla2"",""sumo1"",""trim37"",""ube2v2"",""vav1""]"
45,Q53EL6,27250,pdcd4,4,29,3287,0.40609774,0.03,1.9301383,104,"[""10987"",""11315"",""1978"",""2060"",""22858"",""27020"",""29108"",""310"",""3164"",""4591"",""4830"",""5230"",""5291"",""54205"",""5478"",""5515"",""5604"",""5688"",""6596"",""6812"",""7336"",""7341"",""7384"",""7409"",""8061"",""8452"",""860"",""8803"",""9892""]","[""anxa7"",""cops5"",""cul3"",""cycs"",""eif4ebp1"",""eps15"",""fosl1"",""hltf"",""ick"",""map2k1"",""nme1"",""nptn"",""nr4a1"",""park7"",""pgk1"",""pik3cb"",""ppia"",""ppp2ca"",""psma7"",""pycard"",""runx2"",""snap91"",""stxbp1"",""sucla2"",""sumo1"",""trim37"",""ube2v2"",""uqcrc1"",""vav1""]"
46,P22528,6699,sprr1b,4,29,3270,0.39399016,0.019,2.009204,105,"[""10987"",""11315"",""1978"",""2060"",""22858"",""27020"",""29108"",""310"",""3164"",""4591"",""4830"",""5230"",""5291"",""54205"",""5478"",""5515"",""5604"",""5688"",""6596"",""6812"",""7336"",""7341"",""7384"",""7409"",""8061"",""8452"",""860"",""8803"",""9892""]","[""anxa7"",""cops5"",""cul3"",""cycs"",""eif4ebp1"",""eps15"",""fosl1"",""hltf"",""ick"",""map2k1"",""nme1"",""nptn"",""nr4a1"",""park7"",""pgk1"",""pik3cb"",""ppia"",""ppp2ca"",""psma7"",""pycard"",""runx2"",""snap91"",""stxbp1"",""sucla2"",""sumo1"",""trim37"",""ube2v2"",""uqcrc1"",""vav1""]"
47,Q99576,1831,tsc22d3,4,30,3361,0.43121085,0.037,1.7799137,105,"[""10286"",""10987"",""11315"",""1978"",""2060"",""22858"",""27020"",""29108"",""310"",""3164"",""4591"",""4830"",""5230"",""5291"",""54205"",""5478"",""5515"",""5604"",""5688"",""6596"",""6812"",""7336"",""7341"",""7384"",""7409"",""8061"",""8452"",""860"",""8803"",""9892""]","[""anxa7"",""bcas2"",""cops5"",""cul3"",""cycs"",""eif4ebp1"",""eps15"",""fosl1"",""hltf"",""ick"",""map2k1"",""nme1"",""nptn"",""nr4a1"",""park7"",""pgk1"",""pik3cb"",""ppia"",""ppp2ca"",""psma7"",""pycard"",""runx2"",""snap91"",""stxbp1"",""sucla2"",""sumo1"",""trim37"",""ube2v2"",""uqcrc1"",""vav1""]"
48,P21741,4192,mdk,4,33,3640,0.62886024,0.02,1.5965537,106,"[""10286"",""10987"",""11315"",""1978"",""2060"",""22858"",""27020"",""29108"",""310"",""3164"",""4591"",""4830"",""5230"",""5291"",""54205"",""5478"",""5515"",""5604"",""5688"",""57142"",""5901"",""6596"",""6812"",""7336"",""7341"",""7384"",""7409"",""8061"",""8452"",""860"",""8766"",""8803"",""9892""]","[""anxa7"",""bcas2"",""cops5"",""cul3"",""cycs"",""eif4ebp1"",""eps15"",""fosl1"",""hltf"",""ick"",""map2k1"",""nme1"",""nptn"",""nr4a1"",""park7"",""pgk1"",""pik3cb"",""ppia"",""ppp2ca"",""psma7"",""pycard"",""rab11a"",""ran"",""rtn4"",""runx2"",""snap91"",""stxbp1"",""sucla2"",""sumo1"",""trim37"",""ube2v2"",""uqcrc1"",""vav1""]"
49,P28069,5449,pou1f1,4,29,3270,0.39399016,0.021,1.978483,106,"[""10987"",""11315"",""1978"",""2060"",""22858"",""27020"",""29108"",""310"",""3164"",""4591"",""4830"",""5230"",""5291"",""54205"",""5478"",""5515"",""5604"",""5688"",""6596"",""6812"",""7336"",""7341"",""7384"",""7409"",""8061"",""8452"",""860"",""8803"",""9892""]","[""anxa7"",""cops5"",""cul3"",""cycs"",""eif4ebp1"",""eps15"",""fosl1"",""hltf"",""ick"",""map2k1"",""nme1"",""nptn"",""nr4a1"",""park7"",""pgk1"",""pik3cb"",""ppia"",""ppp2ca"",""psma7"",""pycard"",""runx2"",""snap91"",""stxbp1"",""sucla2"",""sumo1"",""trim37"",""ube2v2"",""uqcrc1"",""vav1""]"
50,Q6ULP2,54812,aftph,4,29,3270,0.39399016,0.019,1.999584,106,"[""10987"",""11315"",""1978"",""2060"",""22858"",""27020"",""29108"",""310"",""3164"",""4591"",""4830"",""5230"",""5291"",""54205"",""5478"",""5515"",""5604"",""5688"",""6596"",""6812"",""7336"",""7341"",""7384"",""7409"",""8061"",""8452"",""860"",""8803"",""9892""]","[""anxa7"",""cops5"",""cul3"",""cycs"",""eif4ebp1"",""eps15"",""fosl1"",""hltf"",""ick"",""map2k1"",""nme1"",""nptn"",""nr4a1"",""park7"",""pgk1"",""pik3cb"",""ppia"",""ppp2ca"",""psma7"",""pycard"",""runx2"",""snap91"",""stxbp1"",""sucla2"",""sumo1"",""trim37"",""ube2v2"",""uqcrc1"",""vav1""]"
51,Q9H1H9,63971,kif13a,4,29,3271,0.39397836,0.017,2.0100546,106,"[""10987"",""11315"",""1978"",""2060"",""22858"",""27020"",""29108"",""310"",""3164"",""4591"",""4830"",""5230"",""5291"",""54205"",""5478"",""5515"",""5604"",""5688"",""6596"",""6812"",""7336"",""7341"",""7384"",""7409"",""8061"",""8452"",""860"",""8803"",""9892""]","[""anxa7"",""cops5"",""cul3"",""cycs"",""eif4ebp1"",""eps15"",""fosl1"",""hltf"",""ick"",""map2k1"",""nme1"",""nptn"",""nr4a1"",""park7"",""pgk1"",""pik3cb"",""ppia"",""ppp2ca"",""psma7"",""pycard"",""runx2"",""snap91"",""stxbp1"",""sucla2"",""sumo1"",""trim37"",""ube2v2"",""uqcrc1"",""vav1""]"
52,P52655,2957,gtf2a1,4,24,2814,0.3114453,0.027,2.328851,107,"[""10987"",""11315"",""1978"",""2060"",""22858"",""29108"",""310"",""3164"",""4591"",""5230"",""54205"",""5478"",""5515"",""5604"",""5688"",""6596"",""7336"",""7341"",""7409"",""8061"",""8452"",""860"",""8803"",""9892""]","[""anxa7"",""cops5"",""cul3"",""cycs"",""eif4ebp1"",""eps15"",""fosl1"",""hltf"",""ick"",""map2k1"",""nr4a1"",""park7"",""pgk1"",""ppia"",""ppp2ca"",""psma7"",""pycard"",""runx2"",""snap91"",""sucla2"",""sumo1"",""trim37"",""ube2v2"",""vav1""]"
53,Q99627,10920,cops8,4,29,3270,0.39399016,0.022,1.970783,108,"[""10987"",""11315"",""1978"",""2060"",""22858"",""27020"",""29108"",""310"",""3164"",""4591"",""4830"",""5230"",""5291"",""54205"",""5478"",""5515"",""5604"",""5688"",""6596"",""6812"",""7336"",""7341"",""7384"",""7409"",""8061"",""8452"",""860"",""8803"",""9892""]","[""anxa7"",""cops5"",""cul3"",""cycs"",""eif4ebp1"",""eps15"",""fosl1"",""hltf"",""ick"",""map2k1"",""nme1"",""nptn"",""nr4a1"",""park7"",""pgk1"",""pik3cb"",""ppia"",""ppp2ca"",""psma7"",""pycard"",""runx2"",""snap91"",""stxbp1"",""sucla2"",""sumo1"",""trim37"",""ube2v2"",""uqcrc1"",""vav1""]"
54,Q9UER7,1616,daxx,4,32,3441,0.5932045,0.008,1.5903636,108,"[""10286"",""10987"",""11315"",""1978"",""2060"",""22858"",""27020"",""29108"",""3164"",""4591"",""4830"",""5230"",""5291"",""54205"",""5478"",""5515"",""5604"",""5688"",""57142"",""5901"",""6596"",""6812"",""7336"",""7341"",""7384"",""7409"",""7516"",""8061"",""8452"",""860"",""8803"",""9892""]","[""bcas2"",""cops5"",""cul3"",""cycs"",""eif4ebp1"",""eps15"",""fosl1"",""hltf"",""ick"",""map2k1"",""nme1"",""nptn"",""nr4a1"",""park7"",""pgk1"",""pik3cb"",""ppia"",""ppp2ca"",""psma7"",""pycard"",""ran"",""rtn4"",""runx2"",""snap91"",""stxbp1"",""sucla2"",""sumo1"",""trim37"",""ube2v2"",""uqcrc1"",""vav1"",""xrcc2""]"
55,P42338,5291,pik3cb,4,27,3033,0.353026,0.029,2.1766665,109,"[""10987"",""1978"",""2060"",""22858"",""27020"",""29108"",""310"",""3164"",""4591"",""4830"",""5230"",""5291"",""54205"",""5478"",""5515"",""5604"",""5688"",""6596"",""6812"",""7336"",""7341"",""7409"",""8061"",""860"",""8766"",""8803"",""9892""]","[""anxa7"",""cops5"",""cycs"",""eif4ebp1"",""eps15"",""fosl1"",""hltf"",""ick"",""map2k1"",""nme1"",""nptn"",""nr4a1"",""pgk1"",""pik3cb"",""ppia"",""ppp2ca"",""psma7"",""pycard"",""rab11a"",""runx2"",""snap91"",""stxbp1"",""sucla2"",""sumo1"",""trim37"",""ube2v2"",""vav1""]"
56,P53539,2354,fosb,4,29,3270,0.39398742,0.021,1.9820416,109,"[""10987"",""11315"",""1978"",""2060"",""22858"",""27020"",""29108"",""310"",""3164"",""4591"",""4830"",""5230"",""5291"",""54205"",""5478"",""5515"",""5604"",""5688"",""6596"",""6812"",""7336"",""7341"",""7384"",""7409"",""8061"",""8452"",""860"",""8803"",""9892""]","[""anxa7"",""cops5"",""cul3"",""cycs"",""eif4ebp1"",""eps15"",""fosl1"",""hltf"",""ick"",""map2k1"",""nme1"",""nptn"",""nr4a1"",""park7"",""pgk1"",""pik3cb"",""ppia"",""ppp2ca"",""psma7"",""pycard"",""runx2"",""snap91"",""stxbp1"",""sucla2"",""sumo1"",""trim37"",""ube2v2"",""uqcrc1"",""vav1""]"
57,P63279,7329,ube2i,4,32,3501,0.53799534,0.046,1.6186763,109,"[""10286"",""10987"",""11315"",""1978"",""2060"",""22858"",""27020"",""29108"",""310"",""3164"",""4591"",""4830"",""5230"",""5291"",""54205"",""5478"",""5515"",""5604"",""5688"",""5901"",""6596"",""6812"",""7336"",""7341"",""7384"",""7409"",""7516"",""8061"",""8452"",""860"",""8803"",""9892""]","[""anxa7"",""bcas2"",""cops5"",""cul3"",""cycs"",""eif4ebp1"",""eps15"",""fosl1"",""hltf"",""ick"",""map2k1"",""nme1"",""nptn"",""nr4a1"",""park7"",""pgk1"",""pik3cb"",""ppia"",""ppp2ca"",""psma7"",""pycard"",""ran"",""runx2"",""snap91"",""stxbp1"",""sucla2"",""sumo1"",""trim37"",""ube2v2"",""uqcrc1"",""vav1"",""xrcc2""]"
58,O14763,8795,tnfrsf10b,4,22,2382,0.2835886,0.018,2.6558762,112,"[""10987"",""11315"",""1978"",""2060"",""22858"",""29108"",""3164"",""4591"",""54205"",""5478"",""5515"",""5604"",""6596"",""6812"",""7336"",""7341"",""7409"",""8061"",""8452"",""860"",""8803"",""9892""]","[""cops5"",""cul3"",""cycs"",""eif4ebp1"",""eps15"",""fosl1"",""hltf"",""ick"",""map2k1"",""nr4a1"",""park7"",""ppia"",""ppp2ca"",""pycard"",""runx2"",""snap91"",""stxbp1"",""sucla2"",""sumo1"",""trim37"",""ube2v2"",""vav1""]"
59,P01100,2353,fos,4,34,3649,0.7000258,0.005,1.4459724,112,"[""10286"",""10987"",""11315"",""1978"",""2060"",""22858"",""27020"",""29108"",""310"",""3164"",""4591"",""4830"",""5230"",""5291"",""54205"",""5478"",""5515"",""5604"",""5688"",""57142"",""5901"",""6596"",""6812"",""7336"",""7341"",""7384"",""7409"",""7516"",""8061"",""8452"",""860"",""8766"",""8803"",""9892""]","[""anxa7"",""bcas2"",""cops5"",""cul3"",""cycs"",""eif4ebp1"",""eps15"",""fosl1"",""hltf"",""ick"",""map2k1"",""nme1"",""nptn"",""nr4a1"",""park7"",""pgk1"",""pik3cb"",""ppia"",""ppp2ca"",""psma7"",""pycard"",""rab11a"",""ran"",""rtn4"",""runx2"",""snap91"",""stxbp1"",""sucla2"",""sumo1"",""trim37"",""ube2v2"",""uqcrc1"",""vav1"",""xrcc2""]"
60,Q9NY26,27173,slc39a1,4,23,2289,0.2830693,0.029,2.6632574,112,"[""10987"",""11315"",""1978"",""2060"",""3164"",""4591"",""5230"",""54205"",""5478"",""5515"",""5604"",""5688"",""6596"",""6812"",""7336"",""7341"",""7409"",""7516"",""8061"",""8452"",""860"",""8803"",""9892""]","[""cops5"",""cul3"",""cycs"",""eif4ebp1"",""eps15"",""fosl1"",""hltf"",""map2k1"",""nr4a1"",""park7"",""pgk1"",""ppia"",""ppp2ca"",""psma7"",""runx2"",""snap91"",""stxbp1"",""sucla2"",""sumo1"",""trim37"",""ube2v2"",""vav1"",""xrcc2""]"
61,Q9UI14,10567,rabac1,4,20,1850,0.25680992,0.031,2.765063,113,"[""10987"",""1978"",""2060"",""310"",""3164"",""4591"",""5291"",""54205"",""5515"",""5604"",""5861"",""6596"",""6812"",""7336"",""7341"",""7409"",""8061"",""860"",""8803"",""9892""]","[""anxa7"",""cops5"",""cycs"",""eif4ebp1"",""eps15"",""fosl1"",""hltf"",""map2k1"",""nr4a1"",""pik3cb"",""ppp2ca"",""rab1a"",""runx2"",""snap91"",""stxbp1"",""sucla2"",""sumo1"",""trim37"",""ube2v2"",""vav1""]"
62,Q9Y618,9612,ncor2,4,32,3460,0.54662436,0.027,1.5738,113,"[""10286"",""10987"",""11315"",""1978"",""2060"",""22858"",""27020"",""29108"",""310"",""3164"",""4591"",""47"",""4830"",""5230"",""5291"",""54205"",""5478"",""5515"",""5604"",""5688"",""6596"",""6812"",""7336"",""7341"",""7384"",""7409"",""7516"",""8061"",""8452"",""860"",""8803"",""9892""]","[""acly"",""anxa7"",""bcas2"",""cops5"",""cul3"",""cycs"",""eif4ebp1"",""eps15"",""fosl1"",""hltf"",""ick"",""map2k1"",""nme1"",""nptn"",""nr4a1"",""park7"",""pgk1"",""pik3cb"",""ppia"",""ppp2ca"",""psma7"",""pycard"",""runx2"",""snap91"",""stxbp1"",""sucla2"",""sumo1"",""trim37"",""ube2v2"",""uqcrc1"",""vav1"",""xrcc2""]"
63,O60869,8721,edf1,4,29,3280,0.4059239,0.034,1.7857856,114,"[""10987"",""11315"",""1978"",""2060"",""22858"",""27020"",""29108"",""310"",""3164"",""4591"",""4830"",""5230"",""5291"",""54205"",""5478"",""5515"",""5604"",""5688"",""6596"",""6812"",""7336"",""7341"",""7384"",""7409"",""8061"",""8452"",""860"",""8803"",""9892""]","[""anxa7"",""cops5"",""cul3"",""cycs"",""eif4ebp1"",""eps15"",""fosl1"",""hltf"",""ick"",""map2k1"",""nme1"",""nptn"",""nr4a1"",""park7"",""pgk1"",""pik3cb"",""ppia"",""ppp2ca"",""psma7"",""pycard"",""runx2"",""snap91"",""stxbp1"",""sucla2"",""sumo1"",""trim37"",""ube2v2"",""uqcrc1"",""vav1""]"
64,P10415,596,bcl2,4,34,3714,0.67222685,0.042,1.3281592,114,"[""10286"",""10987"",""11315"",""1978"",""2060"",""22858"",""27020"",""29108"",""310"",""3164"",""4591"",""4830"",""5230"",""5291"",""54205"",""5478"",""5515"",""5604"",""5688"",""57142"",""5901"",""6596"",""6812"",""7336"",""7341"",""7384"",""7409"",""7516"",""8061"",""8452"",""860"",""8766"",""8803"",""9892""]","[""anxa7"",""bcas2"",""cops5"",""cul3"",""cycs"",""eif4ebp1"",""eps15"",""fosl1"",""hltf"",""ick"",""map2k1"",""nme1"",""nptn"",""nr4a1"",""park7"",""pgk1"",""pik3cb"",""ppia"",""ppp2ca"",""psma7"",""pycard"",""rab11a"",""ran"",""rtn4"",""runx2"",""snap91"",""stxbp1"",""sucla2"",""sumo1"",""trim37"",""ube2v2"",""uqcrc1"",""vav1"",""xrcc2""]"
65,P62333,5706,psmc6,4,15,1186,0.20497553,0.011,3.983602,114,"[""10987"",""2060"",""3164"",""5230"",""54205"",""5478"",""5515"",""5604"",""5706"",""6596"",""7341"",""7409"",""8061"",""860"",""9892""]","[""cops5"",""cycs"",""eps15"",""fosl1"",""hltf"",""map2k1"",""nr4a1"",""pgk1"",""ppia"",""ppp2ca"",""psmc6"",""runx2"",""snap91"",""sumo1"",""vav1""]"
66,Q9Y6X2,10401,pias3,4,31,3286,0.40451884,0.046,1.8090141,114,"[""10286"",""10987"",""11315"",""1978"",""2060"",""22858"",""27020"",""29108"",""3164"",""4591"",""4830"",""5230"",""5291"",""54205"",""5478"",""5515"",""5604"",""5688"",""6596"",""6812"",""7336"",""7341"",""7384"",""7409"",""7516"",""8061"",""8452"",""860"",""8766"",""8803"",""9892""]","[""bcas2"",""cops5"",""cul3"",""cycs"",""eif4ebp1"",""eps15"",""fosl1"",""hltf"",""ick"",""map2k1"",""nme1"",""nptn"",""nr4a1"",""park7"",""pgk1"",""pik3cb"",""ppia"",""ppp2ca"",""psma7"",""pycard"",""rab11a"",""runx2"",""snap91"",""stxbp1"",""sucla2"",""sumo1"",""trim37"",""ube2v2"",""uqcrc1"",""vav1"",""xrcc2""]"
67,O14818,5688,psma7,4,24,2317,0.26883042,0.024,2.6716554,115,"[""10987"",""11315"",""1978"",""2060"",""27020"",""3164"",""4591"",""4830"",""5230"",""54205"",""5478"",""5515"",""5604"",""5688"",""6596"",""6812"",""7336"",""7341"",""7409"",""8061"",""8452"",""860"",""8803"",""9892""]","[""cops5"",""cul3"",""cycs"",""eif4ebp1"",""eps15"",""fosl1"",""hltf"",""map2k1"",""nme1"",""nptn"",""nr4a1"",""park7"",""pgk1"",""ppia"",""ppp2ca"",""psma7"",""runx2"",""snap91"",""stxbp1"",""sucla2"",""sumo1"",""trim37"",""ube2v2"",""vav1""]"
68,P30626,6717,sri,4,22,2105,0.26482338,0.029,2.6813133,115,"[""10987"",""1978"",""2060"",""27020"",""29108"",""310"",""3164"",""4591"",""5230"",""5291"",""54205"",""5478"",""5515"",""5604"",""6596"",""7336"",""7341"",""7409"",""8061"",""8452"",""860"",""8803""]","[""anxa7"",""cops5"",""cul3"",""cycs"",""eif4ebp1"",""eps15"",""fosl1"",""hltf"",""map2k1"",""nptn"",""nr4a1"",""pgk1"",""pik3cb"",""ppia"",""ppp2ca"",""pycard"",""runx2"",""sucla2"",""sumo1"",""trim37"",""ube2v2"",""vav1""]"
69,Q14790,841,casp8,4,32,3501,0.57579535,0.033,1.451853,115,"[""10286"",""10987"",""11315"",""1978"",""2060"",""22858"",""27020"",""29108"",""310"",""3164"",""4591"",""4830"",""5230"",""5291"",""54205"",""5478"",""5515"",""5604"",""5688"",""57142"",""6596"",""6812"",""7336"",""7341"",""7409"",""7516"",""8061"",""8452"",""860"",""8766"",""8803"",""9892""]","[""anxa7"",""bcas2"",""cops5"",""cul3"",""cycs"",""eif4ebp1"",""eps15"",""fosl1"",""hltf"",""ick"",""map2k1"",""nme1"",""nptn"",""nr4a1"",""park7"",""pgk1"",""pik3cb"",""ppia"",""ppp2ca"",""psma7"",""pycard"",""rab11a"",""rtn4"",""runx2"",""snap91"",""stxbp1"",""sucla2"",""sumo1"",""trim37"",""ube2v2"",""vav1"",""xrcc2""]"
70,Q96GM5,6602,smarcd1,4,29,3271,0.39397836,0.019,1.9600077,115,"[""10987"",""11315"",""1978"",""2060"",""22858"",""27020"",""29108"",""310"",""3164"",""4591"",""4830"",""5230"",""5291"",""54205"",""5478"",""5515"",""5604"",""5688"",""6596"",""6812"",""7336"",""7341"",""7384"",""7409"",""8061"",""8452"",""860"",""8803"",""9892""]","[""anxa7"",""cops5"",""cul3"",""cycs"",""eif4ebp1"",""eps15"",""fosl1"",""hltf"",""ick"",""map2k1"",""nme1"",""nptn"",""nr4a1"",""park7"",""pgk1"",""pik3cb"",""ppia"",""ppp2ca"",""psma7"",""pycard"",""runx2"",""snap91"",""stxbp1"",""sucla2"",""sumo1"",""trim37"",""ube2v2"",""uqcrc1"",""vav1""]"
71,P56279,8115,tcl1a,4,30,3337,0.4217077,0.042,1.6912684,116,"[""10987"",""11315"",""1978"",""2060"",""22858"",""27020"",""29108"",""310"",""3164"",""4591"",""4830"",""5230"",""5291"",""54205"",""5478"",""5515"",""5604"",""5688"",""6596"",""6812"",""7336"",""7341"",""7384"",""7409"",""8061"",""8452"",""860"",""8766"",""8803"",""9892""]","[""anxa7"",""cops5"",""cul3"",""cycs"",""eif4ebp1"",""eps15"",""fosl1"",""hltf"",""ick"",""map2k1"",""nme1"",""nptn"",""nr4a1"",""park7"",""pgk1"",""pik3cb"",""ppia"",""ppp2ca"",""psma7"",""pycard"",""rab11a"",""runx2"",""snap91"",""stxbp1"",""sucla2"",""sumo1"",""trim37"",""ube2v2"",""uqcrc1"",""vav1""]"
72,Q14145,9817,keap1,4,19,1475,0.21436279,0.021,3.3032064,116,"[""10987"",""11315"",""1978"",""2060"",""3164"",""5230"",""54205"",""5478"",""5515"",""5604"",""5688"",""6596"",""7341"",""7409"",""8061"",""8452"",""860"",""8803"",""9892""]","[""cops5"",""cul3"",""cycs"",""eif4ebp1"",""eps15"",""fosl1"",""hltf"",""map2k1"",""nr4a1"",""park7"",""pgk1"",""ppia"",""ppp2ca"",""psma7"",""runx2"",""snap91"",""sucla2"",""sumo1"",""vav1""]"
73,Q9UPW5,23287,agtpbp1,4,29,3330,0.42089772,0.034,1.7342297,116,"[""10987"",""11315"",""1978"",""2060"",""22858"",""27020"",""29108"",""310"",""3164"",""4591"",""4830"",""5230"",""5291"",""54205"",""5478"",""5515"",""5604"",""5688"",""6596"",""6812"",""7336"",""7341"",""7384"",""7409"",""8061"",""8452"",""860"",""8803"",""9892""]","[""anxa7"",""cops5"",""cul3"",""cycs"",""eif4ebp1"",""eps15"",""fosl1"",""hltf"",""ick"",""map2k1"",""nme1"",""nptn"",""nr4a1"",""park7"",""pgk1"",""pik3cb"",""ppia"",""ppp2ca"",""psma7"",""pycard"",""runx2"",""snap91"",""stxbp1"",""sucla2"",""sumo1"",""trim37"",""ube2v2"",""uqcrc1"",""vav1""]"
74,P35453,3239,hoxd13,4,29,3272,0.39396656,0.023,1.9337763,118,"[""10987"",""11315"",""1978"",""2060"",""22858"",""27020"",""29108"",""310"",""3164"",""4591"",""4830"",""5230"",""5291"",""54205"",""5478"",""5515"",""5604"",""5688"",""6596"",""6812"",""7336"",""7341"",""7384"",""7409"",""8061"",""8452"",""860"",""8803"",""9892""]","[""anxa7"",""cops5"",""cul3"",""cycs"",""eif4ebp1"",""eps15"",""fosl1"",""hltf"",""ick"",""map2k1"",""nme1"",""nptn"",""nr4a1"",""park7"",""pgk1"",""pik3cb"",""ppia"",""ppp2ca"",""psma7"",""pycard"",""runx2"",""snap91"",""stxbp1"",""sucla2"",""sumo1"",""trim37"",""ube2v2"",""uqcrc1"",""vav1""]"
75,P35613,682,bsg,4,22,2230,0.26439357,0.031,2.6607635,119,"[""10987"",""1978"",""2060"",""22858"",""3164"",""4591"",""4830"",""5230"",""54205"",""5478"",""5515"",""5604"",""5688"",""6596"",""6812"",""7336"",""7341"",""7409"",""8061"",""860"",""8803"",""9892""]","[""cops5"",""cycs"",""eif4ebp1"",""eps15"",""fosl1"",""hltf"",""ick"",""map2k1"",""nme1"",""nr4a1"",""pgk1"",""ppia"",""ppp2ca"",""psma7"",""runx2"",""snap91"",""stxbp1"",""sucla2"",""sumo1"",""trim37"",""ube2v2"",""vav1""]"
76,O15519,8837,cflar,4,22,2382,0.2835886,0.024,2.4599223,121,"[""10987"",""11315"",""1978"",""2060"",""22858"",""29108"",""3164"",""4591"",""54205"",""5478"",""5515"",""5604"",""6596"",""6812"",""7336"",""7341"",""7409"",""8061"",""8452"",""860"",""8803"",""9892""]","[""cops5"",""cul3"",""cycs"",""eif4ebp1"",""eps15"",""fosl1"",""hltf"",""ick"",""map2k1"",""nr4a1"",""park7"",""ppia"",""ppp2ca"",""pycard"",""runx2"",""snap91"",""stxbp1"",""sucla2"",""sumo1"",""trim37"",""ube2v2"",""vav1""]"
77,P52565,396,arhgdia,4,32,3420,0.46446303,0.036,1.5299191,125,"[""10987"",""11315"",""1978"",""2060"",""22858"",""27020"",""29108"",""310"",""3164"",""4591"",""4830"",""5230"",""5291"",""54205"",""5478"",""5515"",""5604"",""5688"",""57142"",""5861"",""6596"",""6812"",""7336"",""7341"",""7384"",""7409"",""8061"",""8452"",""860"",""8766"",""8803"",""9892""]","[""anxa7"",""cops5"",""cul3"",""cycs"",""eif4ebp1"",""eps15"",""fosl1"",""hltf"",""ick"",""map2k1"",""nme1"",""nptn"",""nr4a1"",""park7"",""pgk1"",""pik3cb"",""ppia"",""ppp2ca"",""psma7"",""pycard"",""rab11a"",""rab1a"",""rtn4"",""runx2"",""snap91"",""stxbp1"",""sucla2"",""sumo1"",""trim37"",""ube2v2"",""uqcrc1"",""vav1""]"
78,Q14677,9685,clint1,4,30,3329,0.411638,0.04,1.6423844,125,"[""10987"",""11315"",""1978"",""2060"",""22858"",""27020"",""29108"",""310"",""3164"",""4591"",""4830"",""5230"",""5291"",""54205"",""5478"",""5515"",""5604"",""5688"",""5861"",""6596"",""6812"",""7336"",""7341"",""7384"",""7409"",""8061"",""8452"",""860"",""8803"",""9892""]","[""anxa7"",""cops5"",""cul3"",""cycs"",""eif4ebp1"",""eps15"",""fosl1"",""hltf"",""ick"",""map2k1"",""nme1"",""nptn"",""nr4a1"",""park7"",""pgk1"",""pik3cb"",""ppia"",""ppp2ca"",""psma7"",""pycard"",""rab1a"",""runx2"",""snap91"",""stxbp1"",""sucla2"",""sumo1"",""trim37"",""ube2v2"",""uqcrc1"",""vav1""]"
79,Q8TDZ2,64780,mical1,4,18,1473,0.21590576,0.02,2.7427692,126,"[""10286"",""10987"",""1978"",""2060"",""22858"",""29108"",""3164"",""4591"",""54205"",""5515"",""5604"",""5861"",""6812"",""7336"",""7341"",""7409"",""860"",""8803""]","[""bcas2"",""cops5"",""cycs"",""eif4ebp1"",""eps15"",""ick"",""map2k1"",""nr4a1"",""ppp2ca"",""pycard"",""rab1a"",""runx2"",""stxbp1"",""sucla2"",""sumo1"",""trim37"",""ube2v2"",""vav1""]"
80,Q53GL0,51177,plekho1,4,31,3407,0.44431713,0.043,1.5681316,127,"[""10286"",""10987"",""11315"",""1978"",""2060"",""22858"",""27020"",""29108"",""310"",""3164"",""4591"",""4830"",""5230"",""5291"",""54205"",""5478"",""5515"",""5604"",""5688"",""6596"",""6812"",""7336"",""7341"",""7384"",""7409"",""7516"",""8061"",""8452"",""860"",""8803"",""9892""]","[""anxa7"",""bcas2"",""cops5"",""cul3"",""cycs"",""eif4ebp1"",""eps15"",""fosl1"",""hltf"",""ick"",""map2k1"",""nme1"",""nptn"",""nr4a1"",""park7"",""pgk1"",""pik3cb"",""ppia"",""ppp2ca"",""psma7"",""pycard"",""runx2"",""snap91"",""stxbp1"",""sucla2"",""sumo1"",""trim37"",""ube2v2"",""uqcrc1"",""vav1"",""xrcc2""]"
81,Q9ULZ3,29108,pycard,4,21,2520,0.3014146,0.045,2.1217792,127,"[""10987"",""11315"",""1978"",""2060"",""29108"",""3164"",""4591"",""54205"",""5478"",""5515"",""5604"",""6596"",""6812"",""7336"",""7341"",""7409"",""8061"",""8452"",""860"",""8803"",""9892""]","[""cops5"",""cul3"",""cycs"",""eif4ebp1"",""eps15"",""fosl1"",""hltf"",""map2k1"",""nr4a1"",""park7"",""ppia"",""ppp2ca"",""pycard"",""runx2"",""snap91"",""stxbp1"",""sucla2"",""sumo1"",""trim37"",""ube2v2"",""vav1""]"
82,P43351,5893,rad52,4,25,2451,0.29902273,0.041,2.15306,128,"[""10987"",""11315"",""1978"",""2060"",""22858"",""29108"",""3164"",""4591"",""5230"",""54205"",""5478"",""5515"",""5604"",""5688"",""6596"",""6812"",""7336"",""7341"",""7409"",""7516"",""8061"",""8452"",""860"",""8803"",""9892""]","[""cops5"",""cul3"",""cycs"",""eif4ebp1"",""eps15"",""fosl1"",""hltf"",""ick"",""map2k1"",""nr4a1"",""park7"",""pgk1"",""ppia"",""ppp2ca"",""psma7"",""pycard"",""runx2"",""snap91"",""stxbp1"",""sucla2"",""sumo1"",""trim37"",""ube2v2"",""vav1"",""xrcc2""]"
83,P00915,759,ca1,4,29,3284,0.3938297,0.032,1.8199987,129,"[""10987"",""11315"",""1978"",""2060"",""22858"",""27020"",""29108"",""310"",""3164"",""4591"",""4830"",""5230"",""5291"",""54205"",""5478"",""5515"",""5604"",""5688"",""6596"",""6812"",""7336"",""7341"",""7384"",""7409"",""8061"",""8452"",""860"",""8803"",""9892""]","[""anxa7"",""cops5"",""cul3"",""cycs"",""eif4ebp1"",""eps15"",""fosl1"",""hltf"",""ick"",""map2k1"",""nme1"",""nptn"",""nr4a1"",""park7"",""pgk1"",""pik3cb"",""ppia"",""ppp2ca"",""psma7"",""pycard"",""runx2"",""snap91"",""stxbp1"",""sucla2"",""sumo1"",""trim37"",""ube2v2"",""uqcrc1"",""vav1""]"
84,O75379,8674,vamp4,4,29,3272,0.3939127,0.039,1.7707496,131,"[""10987"",""11315"",""1978"",""2060"",""22858"",""27020"",""29108"",""310"",""3164"",""4591"",""4830"",""5230"",""5291"",""54205"",""5478"",""5515"",""5604"",""5688"",""6596"",""6812"",""7336"",""7341"",""7384"",""7409"",""8061"",""8452"",""860"",""8803"",""9892""]","[""anxa7"",""cops5"",""cul3"",""cycs"",""eif4ebp1"",""eps15"",""fosl1"",""hltf"",""ick"",""map2k1"",""nme1"",""nptn"",""nr4a1"",""park7"",""pgk1"",""pik3cb"",""ppia"",""ppp2ca"",""psma7"",""pycard"",""runx2"",""snap91"",""stxbp1"",""sucla2"",""sumo1"",""trim37"",""ube2v2"",""uqcrc1"",""vav1""]"
85,Q12866,10461,mertk,4,22,2558,0.28717083,0.025,2.235592,131,"[""10987"",""1978"",""2060"",""22858"",""27020"",""3164"",""4591"",""5230"",""5291"",""54205"",""5478"",""5515"",""5604"",""6596"",""6812"",""7336"",""7341"",""7409"",""8061"",""860"",""8803"",""9892""]","[""cops5"",""cycs"",""eif4ebp1"",""eps15"",""fosl1"",""hltf"",""ick"",""map2k1"",""nptn"",""nr4a1"",""pgk1"",""pik3cb"",""ppia"",""ppp2ca"",""runx2"",""snap91"",""stxbp1"",""sucla2"",""sumo1"",""trim37"",""ube2v2"",""vav1""]"
86,O75771,5892,rad51l3,4,22,1932,0.24898605,0.026,2.530343,132,"[""10987"",""11315"",""1978"",""2060"",""29108"",""3164"",""4591"",""5230"",""54205"",""5478"",""5515"",""5604"",""5688"",""6596"",""7336"",""7341"",""7409"",""7516"",""8061"",""8452"",""860"",""8803""]","[""cops5"",""cul3"",""cycs"",""eif4ebp1"",""eps15"",""fosl1"",""hltf"",""map2k1"",""nr4a1"",""park7"",""pgk1"",""ppia"",""ppp2ca"",""psma7"",""pycard"",""runx2"",""sucla2"",""sumo1"",""trim37"",""ube2v2"",""vav1"",""xrcc2""]"
87,Q9BRY0,29985,slc39a3,4,23,2242,0.27076948,0.043,2.301978,134,"[""10987"",""11315"",""1978"",""2060"",""3164"",""4591"",""5230"",""54205"",""5478"",""5515"",""5604"",""5688"",""6596"",""6812"",""7336"",""7341"",""7409"",""7516"",""8061"",""8452"",""860"",""8803"",""9892""]","[""cops5"",""cul3"",""cycs"",""eif4ebp1"",""eps15"",""fosl1"",""hltf"",""map2k1"",""nr4a1"",""park7"",""pgk1"",""ppia"",""ppp2ca"",""psma7"",""runx2"",""snap91"",""stxbp1"",""sucla2"",""sumo1"",""trim37"",""ube2v2"",""vav1"",""xrcc2""]"
88,P56178,1749,dlx5,4,22,2612,0.29527062,0.032,2.0957894,135,"[""10987"",""1978"",""2060"",""310"",""3164"",""4591"",""4830"",""5230"",""54205"",""5478"",""5515"",""5604"",""5688"",""6596"",""6812"",""7336"",""7341"",""7409"",""8061"",""860"",""8803"",""9892""]","[""anxa7"",""cops5"",""cycs"",""eif4ebp1"",""eps15"",""fosl1"",""hltf"",""map2k1"",""nme1"",""nr4a1"",""pgk1"",""ppia"",""ppp2ca"",""psma7"",""runx2"",""snap91"",""stxbp1"",""sucla2"",""sumo1"",""trim37"",""ube2v2"",""vav1""]"
89,O60675,7975,mafk,4,29,3277,0.39386377,0.039,1.7568984,136,"[""10987"",""11315"",""1978"",""2060"",""22858"",""27020"",""29108"",""310"",""3164"",""4591"",""4830"",""5230"",""5291"",""54205"",""5478"",""5515"",""5604"",""5688"",""6596"",""6812"",""7336"",""7341"",""7384"",""7409"",""8061"",""8452"",""860"",""8803"",""9892""]","[""anxa7"",""cops5"",""cul3"",""cycs"",""eif4ebp1"",""eps15"",""fosl1"",""hltf"",""ick"",""map2k1"",""nme1"",""nptn"",""nr4a1"",""park7"",""pgk1"",""pik3cb"",""ppia"",""ppp2ca"",""psma7"",""pycard"",""runx2"",""snap91"",""stxbp1"",""sucla2"",""sumo1"",""trim37"",""ube2v2"",""uqcrc1"",""vav1""]"
90,Q01167,3607,foxk2,4,29,3324,0.40540552,0.048,1.6009246,136,"[""10987"",""11315"",""1978"",""2060"",""22858"",""27020"",""29108"",""310"",""3164"",""4591"",""4830"",""5230"",""5291"",""54205"",""5478"",""5515"",""5604"",""5688"",""6596"",""6812"",""7336"",""7341"",""7384"",""7409"",""8061"",""8452"",""860"",""8803"",""9892""]","[""anxa7"",""cops5"",""cul3"",""cycs"",""eif4ebp1"",""eps15"",""fosl1"",""hltf"",""ick"",""map2k1"",""nme1"",""nptn"",""nr4a1"",""park7"",""pgk1"",""pik3cb"",""ppia"",""ppp2ca"",""psma7"",""pycard"",""runx2"",""snap91"",""stxbp1"",""sucla2"",""sumo1"",""trim37"",""ube2v2"",""uqcrc1"",""vav1""]"
91,Q8NFH8,9185,reps2,4,22,2572,0.29154393,0.041,2.1201086,136,"[""10987"",""11315"",""1978"",""2060"",""22858"",""29108"",""3164"",""4591"",""54205"",""5478"",""5515"",""5604"",""6596"",""6812"",""7336"",""7341"",""7409"",""8061"",""8452"",""860"",""8803"",""9892""]","[""cops5"",""cul3"",""cycs"",""eif4ebp1"",""eps15"",""fosl1"",""hltf"",""ick"",""map2k1"",""nr4a1"",""park7"",""ppia"",""ppp2ca"",""pycard"",""runx2"",""snap91"",""stxbp1"",""sucla2"",""sumo1"",""trim37"",""ube2v2"",""vav1""]"
92,O95467,2778,gnas,4,29,3284,0.39381868,0.031,1.769265,137,"[""10987"",""11315"",""1978"",""2060"",""22858"",""27020"",""29108"",""310"",""3164"",""4591"",""4830"",""5230"",""5291"",""54205"",""5478"",""5515"",""5604"",""5688"",""6596"",""6812"",""7336"",""7341"",""7384"",""7409"",""8061"",""8452"",""860"",""8803"",""9892""]","[""anxa7"",""cops5"",""cul3"",""cycs"",""eif4ebp1"",""eps15"",""fosl1"",""hltf"",""ick"",""map2k1"",""nme1"",""nptn"",""nr4a1"",""park7"",""pgk1"",""pik3cb"",""ppia"",""ppp2ca"",""psma7"",""pycard"",""runx2"",""snap91"",""stxbp1"",""sucla2"",""sumo1"",""trim37"",""ube2v2"",""uqcrc1"",""vav1""]"
93,P63092,2778,gnas,4,29,3284,0.39381868,0.031,1.769265,137,"[""10987"",""11315"",""1978"",""2060"",""22858"",""27020"",""29108"",""310"",""3164"",""4591"",""4830"",""5230"",""5291"",""54205"",""5478"",""5515"",""5604"",""5688"",""6596"",""6812"",""7336"",""7341"",""7384"",""7409"",""8061"",""8452"",""860"",""8803"",""9892""]","[""anxa7"",""cops5"",""cul3"",""cycs"",""eif4ebp1"",""eps15"",""fosl1"",""hltf"",""ick"",""map2k1"",""nme1"",""nptn"",""nr4a1"",""park7"",""pgk1"",""pik3cb"",""ppia"",""ppp2ca"",""psma7"",""pycard"",""runx2"",""snap91"",""stxbp1"",""sucla2"",""sumo1"",""trim37"",""ube2v2"",""uqcrc1"",""vav1""]"
94,P84996,2778,gnas,4,29,3284,0.39381868,0.031,1.769265,137,"[""10987"",""11315"",""1978"",""2060"",""22858"",""27020"",""29108"",""310"",""3164"",""4591"",""4830"",""5230"",""5291"",""54205"",""5478"",""5515"",""5604"",""5688"",""6596"",""6812"",""7336"",""7341"",""7384"",""7409"",""8061"",""8452"",""860"",""8803"",""9892""]","[""anxa7"",""cops5"",""cul3"",""cycs"",""eif4ebp1"",""eps15"",""fosl1"",""hltf"",""ick"",""map2k1"",""nme1"",""nptn"",""nr4a1"",""park7"",""pgk1"",""pik3cb"",""ppia"",""ppp2ca"",""psma7"",""pycard"",""runx2"",""snap91"",""stxbp1"",""sucla2"",""sumo1"",""trim37"",""ube2v2"",""uqcrc1"",""vav1""]"
95,Q5JWF2,2778,gnas,4,29,3284,0.39381868,0.031,1.769265,137,"[""10987"",""11315"",""1978"",""2060"",""22858"",""27020"",""29108"",""310"",""3164"",""4591"",""4830"",""5230"",""5291"",""54205"",""5478"",""5515"",""5604"",""5688"",""6596"",""6812"",""7336"",""7341"",""7384"",""7409"",""8061"",""8452"",""860"",""8803"",""9892""]","[""anxa7"",""cops5"",""cul3"",""cycs"",""eif4ebp1"",""eps15"",""fosl1"",""hltf"",""ick"",""map2k1"",""nme1"",""nptn"",""nr4a1"",""park7"",""pgk1"",""pik3cb"",""ppia"",""ppp2ca"",""psma7"",""pycard"",""runx2"",""snap91"",""stxbp1"",""sucla2"",""sumo1"",""trim37"",""ube2v2"",""uqcrc1"",""vav1""]"
96,O15431,1317,slc31a1,4,22,2459,0.2714905,0.019,2.2273383,138,"[""10987"",""1978"",""2060"",""22858"",""29108"",""3164"",""4591"",""4830"",""5230"",""54205"",""5478"",""5515"",""5604"",""5688"",""6596"",""6812"",""7336"",""7341"",""7409"",""8061"",""860"",""8803""]","[""cops5"",""cycs"",""eif4ebp1"",""eps15"",""fosl1"",""hltf"",""ick"",""map2k1"",""nme1"",""nr4a1"",""pgk1"",""ppia"",""ppp2ca"",""psma7"",""pycard"",""runx2"",""stxbp1"",""sucla2"",""sumo1"",""trim37"",""ube2v2"",""vav1""]"
97,Q9Y6D5,10564,arfgef2,4,29,3275,0.39386186,0.035,1.7472488,140,"[""10987"",""11315"",""1978"",""2060"",""22858"",""27020"",""29108"",""310"",""3164"",""4591"",""4830"",""5230"",""5291"",""54205"",""5478"",""5515"",""5604"",""5688"",""6596"",""6812"",""7336"",""7341"",""7384"",""7409"",""8061"",""8452"",""860"",""8803"",""9892""]","[""anxa7"",""cops5"",""cul3"",""cycs"",""eif4ebp1"",""eps15"",""fosl1"",""hltf"",""ick"",""map2k1"",""nme1"",""nptn"",""nr4a1"",""park7"",""pgk1"",""pik3cb"",""ppia"",""ppp2ca"",""psma7"",""pycard"",""runx2"",""snap91"",""stxbp1"",""sucla2"",""sumo1"",""trim37"",""ube2v2"",""uqcrc1"",""vav1""]"
98,O43502,5889,rad51c,4,22,1797,0.23724607,0.043,2.3113914,146,"[""10987"",""11315"",""1978"",""2060"",""3164"",""4591"",""5230"",""54205"",""5478"",""5515"",""5604"",""5688"",""6596"",""6812"",""7336"",""7341"",""7409"",""7516"",""8061"",""8452"",""860"",""8803""]","[""cops5"",""cul3"",""cycs"",""eif4ebp1"",""eps15"",""fosl1"",""hltf"",""map2k1"",""nr4a1"",""park7"",""pgk1"",""ppia"",""ppp2ca"",""psma7"",""runx2"",""stxbp1"",""sucla2"",""sumo1"",""trim37"",""ube2v2"",""vav1"",""xrcc2""]"
99,Q8NHY2,64326,rfwd2,4,29,3285,0.39382052,0.05,1.6616093,146,"[""10987"",""11315"",""1978"",""2060"",""22858"",""27020"",""29108"",""310"",""3164"",""4591"",""4830"",""5230"",""5291"",""54205"",""5478"",""5515"",""5604"",""5688"",""6596"",""6812"",""7336"",""7341"",""7384"",""7409"",""8061"",""8452"",""860"",""8803"",""9892""]","[""anxa7"",""cops5"",""cul3"",""cycs"",""eif4ebp1"",""eps15"",""fosl1"",""hltf"",""ick"",""map2k1"",""nme1"",""nptn"",""nr4a1"",""park7"",""pgk1"",""pik3cb"",""ppia"",""ppp2ca"",""psma7"",""pycard"",""runx2"",""snap91"",""stxbp1"",""sucla2"",""sumo1"",""trim37"",""ube2v2"",""uqcrc1"",""vav1""]"
100,P10827,7067,thra,4,25,2146,0.24268986,0.02,2.2498477,148,"[""10987"",""11315"",""1978"",""2060"",""22858"",""27020"",""3164"",""4591"",""4830"",""5230"",""54205"",""5478"",""5515"",""5604"",""5688"",""6596"",""6812"",""7336"",""7341"",""7384"",""7409"",""8061"",""8452"",""860"",""9892""]","[""cops5"",""cul3"",""cycs"",""eif4ebp1"",""eps15"",""fosl1"",""hltf"",""ick"",""map2k1"",""nme1"",""nptn"",""nr4a1"",""park7"",""pgk1"",""ppia"",""ppp2ca"",""psma7"",""runx2"",""snap91"",""stxbp1"",""sumo1"",""trim37"",""ube2v2"",""uqcrc1"",""vav1""]"
101,P02818,632,bglap,4,24,2749,0.29923335,0.036,1.9213269,151,"[""10987"",""1978"",""2060"",""27020"",""29108"",""310"",""3164"",""4591"",""4830"",""5230"",""54205"",""5478"",""5515"",""5604"",""5688"",""6596"",""6812"",""7336"",""7341"",""7409"",""8061"",""860"",""8803"",""9892""]","[""anxa7"",""cops5"",""cycs"",""eif4ebp1"",""eps15"",""fosl1"",""hltf"",""map2k1"",""nme1"",""nptn"",""nr4a1"",""pgk1"",""ppia"",""ppp2ca"",""psma7"",""pycard"",""runx2"",""snap91"",""stxbp1"",""sucla2"",""sumo1"",""trim37"",""ube2v2"",""vav1""]"
102,P01266,7038,tg,4,29,3286,0.39365917,0.048,1.625747,153,"[""10987"",""11315"",""1978"",""2060"",""22858"",""27020"",""29108"",""310"",""3164"",""4591"",""4830"",""5230"",""5291"",""54205"",""5478"",""5515"",""5604"",""5688"",""6596"",""6812"",""7336"",""7341"",""7384"",""7409"",""8061"",""8452"",""860"",""8803"",""9892""]","[""anxa7"",""cops5"",""cul3"",""cycs"",""eif4ebp1"",""eps15"",""fosl1"",""hltf"",""ick"",""map2k1"",""nme1"",""nptn"",""nr4a1"",""park7"",""pgk1"",""pik3cb"",""ppia"",""ppp2ca"",""psma7"",""pycard"",""runx2"",""snap91"",""stxbp1"",""sucla2"",""sumo1"",""trim37"",""ube2v2"",""uqcrc1"",""vav1""]"
103,Q8WYB5,23522,myst4,4,25,2700,0.29790804,0.039,1.9050404,155,"[""10987"",""11315"",""1978"",""2060"",""310"",""3164"",""4591"",""4830"",""5230"",""54205"",""5478"",""5515"",""5604"",""5688"",""6596"",""6812"",""7336"",""7341"",""7384"",""7409"",""8061"",""8452"",""860"",""8803"",""9892""]","[""anxa7"",""cops5"",""cul3"",""cycs"",""eif4ebp1"",""eps15"",""fosl1"",""hltf"",""map2k1"",""nme1"",""nr4a1"",""park7"",""pgk1"",""ppia"",""ppp2ca"",""psma7"",""runx2"",""snap91"",""stxbp1"",""sucla2"",""sumo1"",""trim37"",""ube2v2"",""uqcrc1"",""vav1""]"
104,Q9BYV9,60468,bach2,4,25,2147,0.24268311,0.024,2.1257172,157,"[""10987"",""11315"",""1978"",""2060"",""22858"",""27020"",""3164"",""4591"",""4830"",""5230"",""54205"",""5478"",""5515"",""5604"",""5688"",""6596"",""6812"",""7336"",""7341"",""7384"",""7409"",""8061"",""8452"",""860"",""9892""]","[""cops5"",""cul3"",""cycs"",""eif4ebp1"",""eps15"",""fosl1"",""hltf"",""ick"",""map2k1"",""nme1"",""nptn"",""nr4a1"",""park7"",""pgk1"",""ppia"",""ppp2ca"",""psma7"",""runx2"",""snap91"",""stxbp1"",""sumo1"",""trim37"",""ube2v2"",""uqcrc1"",""vav1""]"
105,P67870,1460,csnk2b,4,20,2334,0.25078052,0.023,2.0175884,160,"[""10987"",""1978"",""2060"",""22858"",""29108"",""3164"",""4591"",""5230"",""54205"",""5478"",""5515"",""5604"",""6596"",""7336"",""7341"",""7409"",""8061"",""860"",""8803"",""9892""]","[""cops5"",""cycs"",""eif4ebp1"",""eps15"",""fosl1"",""hltf"",""ick"",""map2k1"",""nr4a1"",""pgk1"",""ppia"",""ppp2ca"",""pycard"",""runx2"",""snap91"",""sucla2"",""sumo1"",""trim37"",""ube2v2"",""vav1""]"
106,Q13569,6996,tdg,4,25,2722,0.29779604,0.048,1.749551,170,"[""10987"",""11315"",""1978"",""2060"",""29108"",""310"",""3164"",""4591"",""5230"",""54205"",""5478"",""5515"",""5604"",""5688"",""6596"",""6812"",""7336"",""7341"",""7409"",""7516"",""8061"",""8452"",""860"",""8803"",""9892""]","[""anxa7"",""cops5"",""cul3"",""cycs"",""eif4ebp1"",""eps15"",""fosl1"",""hltf"",""map2k1"",""nr4a1"",""park7"",""pgk1"",""ppia"",""ppp2ca"",""psma7"",""pycard"",""runx2"",""snap91"",""stxbp1"",""sucla2"",""sumo1"",""trim37"",""ube2v2"",""vav1"",""xrcc2""]"
107,P53701,3052,hccs,4,20,2335,0.25074938,0.028,1.9438647,173,"[""10987"",""1978"",""2060"",""22858"",""29108"",""3164"",""4591"",""5230"",""54205"",""5478"",""5515"",""5604"",""6596"",""7336"",""7341"",""7409"",""8061"",""860"",""8803"",""9892""]","[""cops5"",""cycs"",""eif4ebp1"",""eps15"",""fosl1"",""hltf"",""ick"",""map2k1"",""nr4a1"",""pgk1"",""ppia"",""ppp2ca"",""pycard"",""runx2"",""snap91"",""sucla2"",""sumo1"",""trim37"",""ube2v2"",""vav1""]"
108,P20472,5816,pvalb,4,27,2810,0.3011367,0.045,1.6381495,175,"[""10286"",""10987"",""11315"",""1978"",""2060"",""22858"",""29108"",""3164"",""4591"",""4830"",""5230"",""54205"",""5478"",""5515"",""5604"",""5688"",""6596"",""6812"",""7336"",""7341"",""7384"",""7409"",""8061"",""8452"",""860"",""8803"",""9892""]","[""bcas2"",""cops5"",""cul3"",""cycs"",""eif4ebp1"",""eps15"",""fosl1"",""hltf"",""ick"",""map2k1"",""nme1"",""nr4a1"",""park7"",""pgk1"",""ppia"",""ppp2ca"",""psma7"",""pycard"",""runx2"",""snap91"",""stxbp1"",""sucla2"",""sumo1"",""trim37"",""ube2v2"",""uqcrc1"",""vav1""]"
109,P61088,7334,ube2n,4,24,2498,0.28416264,0.047,1.7575636,175,"[""10987"",""11315"",""1978"",""2060"",""22858"",""27020"",""29108"",""3164"",""4591"",""5230"",""54205"",""5478"",""5515"",""5604"",""57142"",""6596"",""6812"",""7336"",""7341"",""7409"",""8061"",""8452"",""860"",""8803""]","[""cops5"",""cul3"",""cycs"",""eif4ebp1"",""eps15"",""fosl1"",""hltf"",""ick"",""map2k1"",""nptn"",""nr4a1"",""park7"",""pgk1"",""ppia"",""ppp2ca"",""pycard"",""rtn4"",""runx2"",""stxbp1"",""sucla2"",""sumo1"",""trim37"",""ube2v2"",""vav1""]"
110,O94906,24148,prpf6,4,20,2334,0.25078052,0.027,1.914378,176,"[""10987"",""1978"",""2060"",""22858"",""29108"",""3164"",""4591"",""5230"",""54205"",""5478"",""5515"",""5604"",""6596"",""7336"",""7341"",""7409"",""8061"",""860"",""8803"",""9892""]","[""cops5"",""cycs"",""eif4ebp1"",""eps15"",""fosl1"",""hltf"",""ick"",""map2k1"",""nr4a1"",""pgk1"",""ppia"",""ppp2ca"",""pycard"",""runx2"",""snap91"",""sucla2"",""sumo1"",""trim37"",""ube2v2"",""vav1""]"
111,Q9Y5V3,9500,maged1,4,25,2534,0.27764532,0.047,1.7635831,178,"[""10987"",""1978"",""2060"",""22858"",""27020"",""29108"",""3164"",""4591"",""4830"",""5230"",""54205"",""5478"",""5515"",""5604"",""5688"",""57142"",""6596"",""6812"",""7336"",""7341"",""7409"",""8061"",""860"",""8803"",""9892""]","[""cops5"",""cycs"",""eif4ebp1"",""eps15"",""fosl1"",""hltf"",""ick"",""map2k1"",""nme1"",""nptn"",""nr4a1"",""pgk1"",""ppia"",""ppp2ca"",""psma7"",""pycard"",""rtn4"",""runx2"",""snap91"",""stxbp1"",""sucla2"",""sumo1"",""trim37"",""ube2v2"",""vav1""]"
112,P26378,1996,elavl4,4,28,2818,0.29094398,0.05,1.5153403,194,"[""10987"",""11315"",""1978"",""2060"",""22858"",""27020"",""29108"",""3164"",""4591"",""4830"",""5230"",""5291"",""54205"",""5478"",""5515"",""5604"",""5688"",""57142"",""6596"",""6812"",""7336"",""7341"",""7409"",""8061"",""8452"",""860"",""8803"",""9892""]","[""cops5"",""cul3"",""cycs"",""eif4ebp1"",""eps15"",""fosl1"",""hltf"",""ick"",""map2k1"",""nme1"",""nptn"",""nr4a1"",""park7"",""pgk1"",""pik3cb"",""ppia"",""ppp2ca"",""psma7"",""pycard"",""rtn4"",""runx2"",""snap91"",""stxbp1"",""sucla2"",""sumo1"",""trim37"",""ube2v2"",""vav1""]"
113,O15075,9201,dcamkl1,4,20,2341,0.2507051,0.047,1.6044227,205,"[""10987"",""1978"",""2060"",""22858"",""29108"",""3164"",""4591"",""5230"",""54205"",""5478"",""5515"",""5604"",""6596"",""7336"",""7341"",""7409"",""8061"",""860"",""8803"",""9892""]","[""cops5"",""cycs"",""eif4ebp1"",""eps15"",""fosl1"",""hltf"",""ick"",""map2k1"",""nr4a1"",""pgk1"",""ppia"",""ppp2ca"",""pycard"",""runx2"",""snap91"",""sucla2"",""sumo1"",""trim37"",""ube2v2"",""vav1""]"
114,O60573,9470,eif4e2,4,23,1900,0.20590128,0.049,1.6699032,206,"[""10987"",""11315"",""1978"",""2060"",""22858"",""29108"",""3164"",""4591"",""4830"",""5230"",""54205"",""5478"",""5515"",""5604"",""6596"",""6812"",""7341"",""7409"",""8061"",""8452"",""860"",""8803"",""9892""]","[""cops5"",""cul3"",""cycs"",""eif4ebp1"",""eps15"",""fosl1"",""hltf"",""ick"",""map2k1"",""nme1"",""nr4a1"",""park7"",""pgk1"",""ppia"",""ppp2ca"",""pycard"",""runx2"",""snap91"",""stxbp1"",""sucla2"",""sumo1"",""trim37"",""vav1""]"
115,Q9Y639,27020,nptn,4,18,2194,0.22998285,0.04,1.6395478,207,"[""10987"",""1978"",""2060"",""22858"",""27020"",""29108"",""3164"",""4591"",""54205"",""5478"",""5515"",""5604"",""6596"",""7341"",""7409"",""8061"",""860"",""8803""]","[""cops5"",""cycs"",""eif4ebp1"",""eps15"",""fosl1"",""hltf"",""ick"",""map2k1"",""nptn"",""nr4a1"",""ppia"",""ppp2ca"",""pycard"",""runx2"",""sucla2"",""sumo1"",""trim37"",""vav1""]"
116,Q7Z7D3,79679,vtcn1,4,23,2343,0.24110532,0.042,1.5699742,214,"[""10987"",""1978"",""2060"",""22858"",""27020"",""3164"",""4591"",""4830"",""5230"",""54205"",""5478"",""5515"",""5604"",""5688"",""6596"",""6812"",""7336"",""7341"",""7409"",""8061"",""860"",""8803"",""9892""]","[""cops5"",""cycs"",""eif4ebp1"",""eps15"",""fosl1"",""hltf"",""ick"",""map2k1"",""nme1"",""nptn"",""nr4a1"",""pgk1"",""ppia"",""ppp2ca"",""psma7"",""runx2"",""snap91"",""stxbp1"",""sucla2"",""sumo1"",""trim37"",""ube2v2"",""vav1""]"