V1,V2,Gene1,Gene2
P05019,P08069,IGF1,IGF1R
P58340,Q9UNS2,MLF1,COPS3
P08069,P29353,IGF1R,SHC1
A0A024R328,P08069,PRKCD,IGF1R
P08311,P55210,CTSG,CASP7
P43351,P46783,RAD52,RPS10
P23258,P46783,TUBG1,RPS10
Q9C035,Q9UK80,TRIM5,USP21
Q9BYJ4,Q9C035,TRIM34,TRIM5
Q7Z7H8,Q9P015,MRPL10,MRPL15
O15260,Q5SSJ5,SURF4,HP1BP3
P23258,P55084,TUBG1,HADHB
P23258,Q92930,TUBG1,RAB8B
P62837,Q9C035,UBE2D2,TRIM5
O95379,Q8NBZ0,TNFAIP8,INO80E
A0A024R3Z2,Q9UNS2,SUMO1,COPS3
A0A024R3Z2,Q9C035,SUMO1,TRIM5
P0CG48,P28360,UBC,MSX1
Q9UNS2,Q9Y4B6,COPS3,DCAF1
P0CG48,P13674,UBC,P4HA1
Q15843,Q96G21,NEDD8,IMP4
P0CG48,Q5SSJ5,UBC,HP1BP3
A0A024R5E6,Q9C035,MAP3K11,TRIM5
P23258,Q06323,TUBG1,PSME1
A4D275,P23258,ARPC1B,TUBG1
O43303,P23258,CCP110,TUBG1
P23258,Q96Q15,TUBG1,SMG1
O95816,P23258,BAG2,TUBG1
P23258,P27708,TUBG1,CAD
P23258,P78371,TUBG1,CCT2
P23258,Q59H77,TUBG1,CCT3
P23258,P62269,TUBG1,RPS18
P23258,Q08554,TUBG1,DSC1
A0A0A6YYL6,P23258,RPL17-C18orf32,TUBG1
P23258,Q71UI9,TUBG1,H2AFV
P23258,Q96BA7,TUBG1,HNRNPU
P23258,P38646,TUBG1,HSPA9
A0A024R3X4,P23258,HSPD1,TUBG1
O14654,P23258,IRS4,TUBG1
P23258,Q16787,TUBG1,LAMA3
P23258,P36776,TUBG1,LONP1
A0A024R952,P23258,PKP1,TUBG1
P23258,P40429,TUBG1,RPL13A
P23258,Q9UNX3,TUBG1,RPL26L1
P23258,P62899,TUBG1,RPL31
P18124,P23258,RPL7,TUBG1
P08708,P23258,RPS17,TUBG1
P23258,Q9Y5L4,TUBG1,TIMM13
P23258,Q8IZJ1,TUBG1,UNC5B
P23258,Q9NTK5,TUBG1,OLA1
P00533,P23258,EGFR,TUBG1
P23258,Q9NS23,TUBG1,RASSF1
P07498,P23258,CSN3,TUBG1
P23258,Q13363,TUBG1,CTBP1
P0CG48,Q6NYC1,UBC,JMJD6
P0CG48,P23258,UBC,TUBG1
P0CG48,Q9C035,UBC,TRIM5
P0CG48,Q9UNS2,UBC,COPS3
O75489,P0CG48,NDUFS3,UBC
A0A024R475,P13674,CUL3,P4HA1
P13674,Q92985,P4HA1,IRF7
A0A024R7W9,Q9P015,COPS5,MRPL15
O15524,P23258,SOCS1,TUBG1
P23258,Q9GZM8,TUBG1,NDEL1
P23258,P39060,TUBG1,COL18A1
P23258,Q96SN8,TUBG1,CDK5RAP2
P23258,P48431,TUBG1,SOX2
P23258,Q99832,TUBG1,CCT7
P23258,P40227,TUBG1,CCT6A
P23258,Q9Y3Z3,TUBG1,SAMHD1
P23258,P48643,TUBG1,CCT5
A0A024R9P0,P23258,CEP27,TUBG1
A0A024RBE5,P23258,NEDD1,TUBG1
P09038,P23258,FGF2,TUBG1
P23258,Q9BW61,TUBG1,DDA1
P23258,P68104,TUBG1,EEF1A1
P15924,P23258,DSP,TUBG1
A0A024R9Y7,P23258,MAGED2,TUBG1
P23258,Q05639,TUBG1,EEF1A2
P07900,P23258,HSP90AA1,TUBG1
A0A024RD80,P23258,HSP90AB1,TUBG1
P23258,Q53HF2,TUBG1,HSPA8
A0A024R8L0,P23258,MRPS7,TUBG1
A2RUM7,P23258,RPL5,TUBG1
P23258,P62906,TUBG1,RPL10A
B1AQP2,P23258,PFDN2,TUBG1
A0A024RBK3,P23258,RPL6,TUBG1
P23258,P62263,TUBG1,RPS14
A0A024RBS2,P23258,RPLP0,TUBG1
P23258,P23396,TUBG1,RPS3
P23258,P62841,TUBG1,RPS15
B2ZZ89,P23258,SPTBN1,TUBG1
P23258,P61247,TUBG1,RPS3A
A2A3R6,P23258,RPS6,TUBG1
P23258,Q9BSJ2,TUBG1,TUBGCP2
P04637,P23258,TP53,TUBG1
P23258,Q76KD6,TUBG1,SPATC1
O60260,P23258,PRKN,TUBG1
O95379,Q12974,TNFAIP8,PTP4A2
P23258,Q5TGZ0,TUBG1,MINOS1
A0A024RB77,P23258,CDK2,TUBG1
P48431,Q9UNS2,SOX2,COPS3
P48431,Q9P015,SOX2,MRPL15
P55072,Q9UNS2,VCP,COPS3
O95379,Q9H8W4,TNFAIP8,PLEKHF2
A0A024QYU9,Q9P015,EIF3S8,MRPL15
O95259,Q96HA8,KCNH1,WDYHV1
G5E962,Q96HA8,MAGEA11,WDYHV1
A0A024RDV8,Q96HA8,TSC22D1,WDYHV1
B4E3T4,Q96HA8,RBPMS,WDYHV1
Q96HA8,Q9NVV9,WDYHV1,THAP1
Q96HA8,Q9UH03,WDYHV1,SEPT3
Q68D86,Q96HA8,CCDC102B,WDYHV1
Q8WWZ3,Q96HA8,EDARADD,WDYHV1
O43439,Q96HA8,CBFA2T2,WDYHV1
P28360,P56178,MSX1,DLX5
Q13216,Q9UNS2,ERCC8,COPS3
O95721,P08069,SNAP29,IGF1R
Q96HA8,Q9HCD5,WDYHV1,NCOA5
Q14197,Q9P015,MRPL58,MRPL15
O75489,Q14197,NDUFS3,MRPL58
Q69YH5,Q6NYC1,CDCA2,JMJD6
O95379,P56537,TNFAIP8,EIF6
B3KNV5,P08069,SH2B1,IGF1R
B4DXM8,P08069,PIK3R3; LOC110117498-PIK3R3,IGF1R
P08069,Q9UKW4,IGF1R,VAV3
P08069,P20936,IGF1R,RASA1
P00533,P08069,EGFR,IGF1R
P04626,P08069,ERBB2,IGF1R
A0A024R3Z2,P08069,SUMO1,IGF1R
P04637,P08069,TP53,IGF1R
P08069,Q13322,IGF1R,GRB10
P08069,P0CG48,IGF1R,UBC
P08069,P32121,IGF1R,ARRB2
P63208,Q9UNS2,SKP1,COPS3
P23258,P63208,TUBG1,SKP1
P23258,Q8WUM4,TUBG1,PDCD6IP
P23258,Q9H306,TUBG1,MMP27
P04406,P43351,GAPDH,RAD52
Q15048,Q9UNS2,LRRC14,COPS3
P57775,Q9UNS2,FBXW4,COPS3
Q12872,Q6NYC1,SFSWAP,JMJD6
A0A024R763,Q9UNS2,IRF5,COPS3
P23258,P35268,TUBG1,RPL22
Q9BW61,Q9UNS2,DDA1,COPS3
Q5SSJ5,Q9NRC8,HP1BP3,SIRT7
B2R4W8,P23258,RPS15A,TUBG1
Q15645,Q96HA8,TRIP13,WDYHV1
P04424,Q96HA8,ASL,WDYHV1
O75553,Q96HA8,DAB1,WDYHV1
A0A024R7E9,Q96HA8,DHPS,WDYHV1
A0A024R525,Q96HA8,FTH1,WDYHV1
A0A087X1W2,Q96HA8,PRMT1,WDYHV1
P11908,Q96HA8,PRPS2,WDYHV1
P11217,Q96HA8,PYGM,WDYHV1
Q5JR59,Q96HA8,MTUS2,WDYHV1
Q96HA8,Q9Y2J4,WDYHV1,AMOTL2
Q96HA8,Q9BXD5,WDYHV1,NPL
P23258,Q9H3S7,TUBG1,PTPN23
P42224,Q6NYC1,STAT1,JMJD6
P07437,P23258,TUBB,TUBG1
Q6NYC1,Q9Y4E5,JMJD6,ZNF451
P13473,Q5SSJ5,LAMP2,HP1BP3
P13473,P23258,LAMP2,TUBG1
A0A024RCJ2,Q6NYC1,HIST1H2BJ,JMJD6
P19474,Q9C035,TRIM21,TRIM5
Q15573,Q6NYC1,TAF1A,JMJD6
P23258,Q12834,TUBG1,CDC20
P23258,P34932,TUBG1,HSPA4
P34932,P43351,HSPA4,RAD52
A0A024RB45,O95379,PRR13,TNFAIP8
P34932,Q6NYC1,HSPA4,JMJD6
P05129,Q9C035,PRKCG,TRIM5
Q9NX20,Q9P015,MRPL16,MRPL15
P23258,P50990,TUBG1,CCT8
E9PAU2,P23258,RAVER1,TUBG1
Q8TEB1,Q9UNS2,DCAF11,COPS3
Q6NYC1,Q6ZN18,JMJD6,AEBP2
Q5SSJ5,Q86VP6,HP1BP3,CAND1
P05067,Q9BTT6,APP,LRRC1
B7Z647,Q9BTT6,DLG4,LRRC1
Q8IY92,Q9BTT6,SLX4,LRRC1
Q6NYC1,Q8N0S6,JMJD6,CENPL
O76021,Q5SSJ5,RSL1D1,HP1BP3
P11047,P23258,LAMC1,TUBG1
Q13098,Q9UNS2,GPS1,COPS3
A0A024R3E3,Q14151,APOA1,SAFB2
Q14151,Q14161,SAFB2,GIT2
P55854,Q14151,SUMO3,SAFB2
E9PJK2,Q14151,EED,SAFB2
P35226,Q14151,BMI1,SAFB2
O00429,Q6NYC1,DNM1L,JMJD6
Q14151,Q9H492,SAFB2,MAP1LC3A
O75376,Q14151,NCOR1,SAFB2
Q14151,Q9NS56,SAFB2,TOPORS
B2R4R0,Q6NYC1,HIST1H4L,JMJD6
B2R491,P23258,RPS4X,TUBG1
P21580,Q9C035,TNFAIP3,TRIM5
Q13641,Q5SSJ5,TPBG,HP1BP3
P20930,P23258,FLG,TUBG1
P61077,Q9C035,UBE2D3,TRIM5
Q6NYC1,Q86U06,JMJD6,RBM23
P11441,P13674,UBL4A,P4HA1
Q6NYC1,Q96NE9,JMJD6,FRMD6
O95229,Q9C035,ZWINT,TRIM5
P05412,Q9UNS2,JUN,COPS3
O00468,P23258,AGRN,TUBG1
P23258,P62241,TUBG1,RPS8
Q12857,Q5SSJ5,NFIA,HP1BP3
Q6NYC1,Q9H0G5,JMJD6,NSRP1
Q15022,Q5SSJ5,SUZ12,HP1BP3
P55854,Q5SSJ5,SUMO3,HP1BP3
A0A024R7W9,Q8N4N3,COPS5,KLHL36
A0A024R8J2,O95379,PTP4A1,TNFAIP8
P23258,P83731,TUBG1,RPL24
Q5SSJ5,Q99728,HP1BP3,BARD1
P50222,Q5SSJ5,MEOX2,HP1BP3
A0A087X2D5,Q9P015,MRPL45,MRPL15
P13674,Q16637,P4HA1,SMN1; SMN2
P05067,Q96G21,APP,IMP4
A0A024R3Z2,Q96G21,SUMO1,IMP4
A0A024RDY7,O95379,MED4,TNFAIP8
Q96CD2,Q96HA8,PPCDC,WDYHV1
Q13362,Q6NYC1,PPP2R5C,JMJD6
P32320,Q96HA8,CDA,WDYHV1
P13674,Q969S8,P4HA1,HDAC10
P13674,Q9NZC7,P4HA1,WWOX
Q9C030,Q9C035,TRIM6,TRIM5
O00410,O95379,IPO5,TNFAIP8
A8K5I0,P23258,HSPA1B,TUBG1
Q14232,Q96HA8,EIF2B1,WDYHV1
Q6NYC1,Q9GZZ1,JMJD6,NAA50
P23258,Q7KZ85,TUBG1,SUPT6H
P35998,Q9C035,PSMC2,TRIM5
A0A024R2Q3,Q9UNS2,CTNNB1,COPS3
P23258,Q6XZF7,TUBG1,DNMBP
P23258,Q9Y2I6,TUBG1,NINL
A0A024RB38,Q6NYC1,STAC3,JMJD6
E9KL44,P23258,HADHA,TUBG1
B4DTX6,Q6NYC1,RANBP6,JMJD6
Q8N5N7,Q9P015,MRPL50,MRPL15
Q6NYC1,Q9UBQ0,JMJD6,VPS29
P63279,Q6NYC1,UBE2I,JMJD6
Q01081,Q6NYC1,U2AF1,JMJD6
P45974,Q9C035,USP5,TRIM5
Q9H496,Q9UNS2,TOR1AIP2,COPS3
O95379,P62258,TNFAIP8,YWHAE
Q15038,Q9NRM6,DAZAP2,IL17RB
O43734,Q9NRM6,TRAF3IP2,IL17RB
Q9NRM6,Q9UHF5,IL17RB,IL17B
Q9H293,Q9NRM6,IL25,IL17RB
O14654,P13674,IRS4,P4HA1
P05067,Q5SSJ5,APP,HP1BP3
B4DZT3,Q5SSJ5,LMNB1,HP1BP3
Q5SSJ5,Q9Y5H9,HP1BP3,PCDHA2
Q5BKZ1,Q5SSJ5,ZNF326,HP1BP3
Q16891,Q5SSJ5,IMMT,HP1BP3
Q16629,Q5SSJ5,SRSF7,HP1BP3
P07900,Q5SSJ5,HSP90AA1,HP1BP3
A0A024R3Z2,Q5SSJ5,SUMO1,HP1BP3
P35226,Q5SSJ5,BMI1,HP1BP3
P61956,Q5SSJ5,SUMO2,HP1BP3
A0A024R713,O95379,DLD,TNFAIP8
Q7L8S5,Q9C035,OTUD6A,TRIM5
Q9BYD2,Q9P015,MRPL9,MRPL15
N0E4C7,Q9UNS2,CSNK2B,COPS3
O43181,Q9P015,NDUFS4,MRPL15
P43351,P63096,RAD52,GNAI1
P23258,Q9H4B7,TUBG1,TUBB1
Q8N653,Q9C035,LZTR1,TRIM5
Q6NYC1,Q9NP64,JMJD6,ZCCHC17
Q6NYC1,Q9NVM9,JMJD6,INTS13
O75582,Q9NRM6,RPS6KA5,IL17RB
O00154,O95379,ACOT7,TNFAIP8
O95379,P00966,TNFAIP8,ASS1
O95379,Q9NT62,TNFAIP8,ATG3
P43351,P60709,RAD52,ACTB
P23258,P60709,TUBG1,ACTB
P0CG47,Q9C035,UBB,TRIM5
A0A024R224,Q9UNS2,BTBD1,COPS3
Q4G0J3,Q6NYC1,LARP7,JMJD6
P12035,Q5SSJ5,KRT3,HP1BP3
A0A024RDM4,Q9P015,MRP63,MRPL15
J3QSY4,Q6NYC1,NHP2,JMJD6
P23258,Q9H0W5,TUBG1,CCDC8
Q13501,Q96IZ0,SQSTM1,PAWR
P14416,Q96IZ0,DRD2,PAWR
Q504Q3,Q96IZ0,PAN2,PAWR
P13866,Q96IZ0,SLC5A1,PAWR
Q6NYC1,Q96IZ0,JMJD6,PAWR
A0A024R2U9,Q96IZ0,APEH,PAWR
Q96IZ0,Q96TA1,PAWR,FAM129B
Q86VP6,Q96IZ0,CAND1,PAWR
P21283,Q96IZ0,ATP6V1C1,PAWR
P34896,Q96IZ0,SHMT1,PAWR
A0A024RB99,Q96IZ0,SHMT2,PAWR
Q96IZ0,Q9UBQ0,PAWR,VPS29
O60749,Q96IZ0,SNX2,PAWR
P0C2W1,Q96IZ0,FBXO45,PAWR
E9PJK2,Q96IZ0,EED,PAWR
P0CG48,Q96IZ0,UBC,PAWR
O95379,P41236,TNFAIP8,PPP1R2
A0A024R475,Q5SSJ5,CUL3,HP1BP3
Q5SSJ5,Q93034,HP1BP3,CUL5
A0A024RBH7,Q5SSJ5,TMPO,HP1BP3
P62847,Q5SSJ5,RPS24,HP1BP3
P18583,Q5SSJ5,SON,HP1BP3
Q5SSJ5,Q9BVJ6,HP1BP3,UTP14A
A2RUM7,Q5SSJ5,RPL5,HP1BP3
P46087,Q5SSJ5,NOP2,HP1BP3
Q5SSJ5,Q96PK6,HP1BP3,RBM14
P02545,Q5SSJ5,LMNA,HP1BP3
P23258,Q13162,TUBG1,PRDX4
Q5SSJ5,Q9BVS4,HP1BP3,RIOK2
E9PJK2,Q5SSJ5,EED,HP1BP3
Q5SSJ5,Q99496,HP1BP3,RNF2
P51858,Q5SSJ5,HDGF,HP1BP3
Q96GG9,Q9UNS2,DCUN1D1,COPS3
O95486,Q6NYC1,SEC24A,JMJD6
A0A024R4M0,P23258,RPS9,TUBG1
Q6NYC1,Q9HAZ1,JMJD6,CLK4
A0A024R2T4,Q9UNS2,KLHL18,COPS3
Q15843,Q9UNS2,NEDD8,COPS3
A8K517,P23258,RPS23,TUBG1
A0JLT2,P28360,MED19,MSX1
P32119,P43351,PRDX2,RAD52
P08047,P28360,SP1,MSX1
O75400,Q6NYC1,PRPF40A,JMJD6
Q6NYC1,Q9UIA9,JMJD6,XPO7
P28360,Q07687,MSX1,DLX2
P23258,Q96L21,TUBG1,RPL10L
P43351,Q71U36,RAD52,TUBA1A
Q6NYC1,Q96IZ7,JMJD6,RSRC1
P0CG47,P23258,UBB,TUBG1
B2R4R0,P23258,HIST1H4L,TUBG1
P23258,Q02543,TUBG1,RPL18A
O15111,Q9UNS2,CHUK,COPS3
P23258,P82930,TUBG1,MRPS34
P55081,Q6NYC1,MFAP1,JMJD6
A0A024R880,P13674,CDK9,P4HA1
A0A087WW00,Q9C035,UBE2D1,TRIM5
O95071,P23258,UBR5,TUBG1
P23258,Q6FHY4,TUBG1,NAPG
O95379,Q8NBF2,TNFAIP8,NHLRC2
Q96IZ0,Q9UNH7,PAWR,SNX6
O15355,Q96IZ0,PPM1G,PAWR
P42224,Q96IZ0,STAT1,PAWR
G5EA09,O95379,SDCBP,TNFAIP8
A0A090N7U0,Q5SSJ5,CUL1,HP1BP3
A0A090N7U0,Q9UNS2,CUL1,COPS3
P28360,Q9UNL4,MSX1,ING4
A0A024R475,Q9UNS2,CUL3,COPS3
P23258,P62280,TUBG1,RPS11
Q15046,Q6NYC1,KARS,JMJD6
P23258,P68366,TUBG1,TUBA4A
Q96IZ0,Q9H0W5,PAWR,CCDC8
A0A024R7C5,Q9P015,MRPL4,MRPL15
Q9P015,Q9Y3B7,MRPL15,MRPL11
P52815,Q9P015,MRPL12,MRPL15
Q02218,Q9P015,OGDH,MRPL15
A0A024R3R0,Q9P015,MRPL55,MRPL15
Q8WVM8,Q9P015,SCFD1,MRPL15
Q13501,Q9C035,SQSTM1,TRIM5
O43395,P23258,PRPF3,TUBG1
Q9NQ50,Q9P015,MRPL40,MRPL15
A0A024R1K7,P23258,YWHAH,TUBG1
Q14689,Q6NYC1,DIP2A,JMJD6
Q9H4G0,Q9UNS2,EPB41L1,COPS3
Q6NYC1,Q6ZMK1,JMJD6,CYHR1
P49406,Q9P015,MRPL19,MRPL15
Q15369,Q9UNS2,ELOC,COPS3
O60934,P23258,NBN,TUBG1
Q92466,Q9UNS2,DDB2,COPS3
P28360,Q04725,MSX1,TLE2
A0A024R244,P23258,SYK,TUBG1
O75489,P03923,NDUFS3,MT-ND6
O75489,O95139,NDUFS3,NDUFB6
O75489,Q99497,NDUFS3,PARK7
O00217,O75489,NDUFS8,NDUFS3
O75489,P09001,NDUFS3,MRPL3
O75489,P49821,NDUFS3,NDUFV1
O75489,Q9Y512,NDUFS3,SAMM50
J3KPF3,O75489,SLC3A2,NDUFS3
O75489,Q15526,NDUFS3,SURF1
O75489,Q13418,NDUFS3,ILK
Q96IZ0,Q9NVV9,PAWR,THAP1
Q5SSJ5,Q8IY81,HP1BP3,FTSJ3
Q6NYC1,Q8NAV1,JMJD6,PRPF38A
Q6NYC1,Q9P1Y6,JMJD6,PHRF1
O60885,Q6NYC1,BRD4,JMJD6
Q96L50,Q9UNS2,LRR1,COPS3
Q9BX70,Q9UNS2,BTBD2,COPS3
Q6NYC1,Q7L4I2,JMJD6,RSRC2
O95379,Q9NY33,TNFAIP8,DPP3
O75436,Q6NYC1,VPS26A,JMJD6
Q6NYC1,Q9UH65,JMJD6,SWAP70
P23258,Q71U36,TUBG1,TUBA1A
B2R4P9,Q96IZ0,H3F3B,PAWR
P13612,Q5SSJ5,ITGA4,HP1BP3
O75489,P13612,NDUFS3,ITGA4
Q6P1L8,Q9P015,MRPL14,MRPL15
Q5TAQ9,Q9UNS2,DCAF8,COPS3
P62191,Q6NYC1,PSMC1,JMJD6
O75489,Q16795,NDUFS3,NDUFA9
P23258,P50991,TUBG1,CCT4
Q59EK9,Q9P015,RUNDC3A,MRPL15
A0A024R001,O75489,TMEM14C,NDUFS3
A0A024R475,O75489,CUL3,NDUFS3
O75251,O75489,NDUFS7,NDUFS3
A0A024R745,O75489,NDUFA5,NDUFS3
A4D1U3,O75489,SSBP1,NDUFS3
O75489,P31040,NDUFS3,SDHA
O75489,P19320,NDUFS3,VCAM1
P23258,Q9NRD1,TUBG1,FBXO6
Q9NRD1,Q9UNS2,FBXO6,COPS3
Q92752,Q96HA8,TNR,WDYHV1
P62263,Q5SSJ5,RPS14,HP1BP3
O14737,P23258,PDCD5,TUBG1
Q2TLE4,Q9UNS2,MLF1,COPS3
O15355,Q6NYC1,PPM1G,JMJD6
O60260,O75489,PRKN,NDUFS3
A0A024R9W5,O75489,HUWE1,NDUFS3
O75489,P00533,NDUFS3,EGFR
Q9NYK5,Q9P015,MRPL39,MRPL15
Q53S58,Q9P015,TMEM177,MRPL15
A0A024R6C9,Q9P015,DLST,MRPL15
Q14318,Q9P015,FKBP8,MRPL15
Q7KZN9,Q9P015,COX15,MRPL15
O95273,Q9P015,CCNDBP1,MRPL15
P61201,Q9UNS2,COPS2,COPS3
A0A024R2U9,Q6NYC1,APEH,JMJD6
P0CG48,Q8N4N3,UBC,KLHL36
P0CG48,Q96G21,UBC,IMP4
Q5VT66,Q9P015,MARCH1,MRPL15
Q03468,Q9UNS2,ERCC6,COPS3
P35354,Q9UNS2,PTGS2,COPS3
O43318,Q9C035,MAP3K7,TRIM5
Q13595,Q5SSJ5,TRA2A,HP1BP3
P62195,Q9C035,PSMC5,TRIM5
O75604,Q9C035,USP2,TRIM5
Q9C035,Q9Y4E8,TRIM5,USP15
O95837,Q6NYC1,GNA14,JMJD6
P23258,P62277,TUBG1,RPS13
Q9P2S5,Q9UNS2,WRAP73,COPS3
Q14938,Q6NYC1,NFIX,JMJD6
P61086,Q9C035,UBE2K,TRIM5
P43686,Q9C035,PSMC4,TRIM5
A0A024R3X4,P43351,HSPD1,RAD52
P43351,Q53HF2,RAD52,HSPA8
P43351,Q06830,RAD52,PRDX1
P43351,P62937,RAD52,PPIA
P43351,Q8N6T3,RAD52,ARFGAP1
Q6NYC1,Q6ZNL6,JMJD6,FGD5
P23258,Q9BQE3,TUBG1,TUBA1C
P43351,Q9Y3C4,RAD52,TPRKB
A0A024R3Z2,P43351,SUMO1,RAD52
P0CG48,Q9BV79,UBC,MECR
P43351,Q06609,RAD52,RAD51
Q6NYC1,Q6UXX9,JMJD6,RSPO2
P11487,P23258,FGF3,TUBG1
Q6NYC1,Q9UK58,JMJD6,CCNL1
Q6NYC1,Q8IZU1,JMJD6,FAM9A
Q52MB2,Q96HA8,CCDC184,WDYHV1
Q5SSJ5,Q6ZW49,HP1BP3,PAXIP1
A0A024R8K8,P23258,HELZ,TUBG1
B7Z508,P08069,SLC23A3,IGF1R
P07900,P08069,HSP90AA1,IGF1R
P05067,P08069,APP,IGF1R
A0A024RE22,P08069,KCNIP3,IGF1R
P08069,Q99623,IGF1R,PHB2
P08069,P62913,IGF1R,RPL11
P04746,P08069,AMY2A,IGF1R
C6KYL4,P08069,FFAR2,IGF1R
P08069,Q9NRD1,IGF1R,FBXO6
P08069,Q13429,IGF1R,IGF1
P08069,P29353,IGF1R,SHC1
J3KNB4,P08069,CAMP,IGF1R
P08069,P46934,IGF1R,NEDD4
P08069,Q00987,IGF1R,MDM2
P08069,P61981,IGF1R,YWHAG
P08069,P49407,IGF1R,ARRB1
P23258,P48556,TUBG1,PSMD8
A0A024RD12,P23258,ZFAND3,TUBG1
P01106,P13674,MYC,P4HA1
Q01844,Q9C035,EWSR1,TRIM5
P49756,Q6NYC1,RBM25,JMJD6
Q5SSJ5,Q9UL40,HP1BP3,ZNF346
Q96DV4,Q9P015,MRPL38,MRPL15
P0CG48,Q9BTT6,UBC,LRRC1
Q5SSJ5,Q86VM9,HP1BP3,ZC3H18
Q6FIE9,Q96HA8,TOLLIP,WDYHV1
Q16637,Q96HA8,SMN1; SMN2,WDYHV1
Q5SSJ5,Q9Y3C1,HP1BP3,NOP16
P23258,P24864,TUBG1,CCNE1
A4D1V4,Q9P015,MRPL32,MRPL15
Q6NYC1,Q9NU02,JMJD6,ANKEF1
P05067,Q4G0X9,APP,CCDC40
P08069,Q9Y265,IGF1R,RUVBL1
P23258,P62851,TUBG1,RPS25
A0M8W4,Q9C035,UBE2V2,TRIM5
Q4VCS5,Q96HA8,AMOT,WDYHV1
P0CG48,Q9P015,UBC,MRPL15
P51665,Q9C035,PSMD7,TRIM5
P68400,Q9UNS2,CSNK2A1,COPS3
A0A024R730,P13674,CFTR,P4HA1
Q53GS9,Q9C035,USP39,TRIM5
Q86VP6,Q9P015,CAND1,MRPL15
Q9P015,Q9UI09,MRPL15,NDUFA12
Q5SSJ5,Q9H9Z2,HP1BP3,LIN28A
A0A024R1Q8,P23258,RPL23,TUBG1
P25963,Q9UNS2,NFKBIA,COPS3
P35638,Q9UNS2,DDIT3,COPS3
Q5SSJ5,Q9BV73,HP1BP3,CEP250
P23258,Q9BV73,TUBG1,CEP250
P23258,Q02413,TUBG1,DSG1
Q96HA8,Q96PV4,WDYHV1,PNMA5
Q6NYC1,Q86VP6,JMJD6,CAND1
A0A024RB99,Q6NYC1,SHMT2,JMJD6
Q9C035,Q9NYJ8,TRIM5,TAB2
P23258,Q96JB5,TUBG1,CDK5RAP3
Q13490,Q96HA8,BIRC2,WDYHV1
E7EQR6,P23258,TCP1,TUBG1
P07737,P43351,PFN1,RAD52
Q13233,Q9C035,MAP3K1,TRIM5
A0A024R475,Q14151,CUL3,SAFB2
A0A024R7W9,Q14151,COPS5,SAFB2
Q96EF6,Q9UNS2,FBXO17,COPS3
Q13123,Q14151,IK,SAFB2
Q14151,Q6ZRS2,SAFB2,SRCAP
Q13344,Q14151,FUS,SAFB2
A0A024R3Z2,Q14151,SUMO1,SAFB2
P61457,Q9C035,PCBD1,TRIM5
Q14151,Q15022,SAFB2,SUZ12
Q14151,Q15424,SAFB2,SAFB
O15379,Q14151,HDAC3,SAFB2
Q14151,Q86VP6,SAFB2,CAND1
P0CG48,Q14151,UBC,SAFB2
P61956,Q14151,SUMO2,SAFB2
Q9C035,Q9UPQ4,TRIM5,TRIM35
Q5SSJ5,Q9Y3A4,HP1BP3,RRP7A
Q13617,Q9UNS2,CUL2,COPS3
P11021,P23258,HSPA5,TUBG1
Q8ND90,Q96HA8,PNMA1,WDYHV1
P23258,P50914,TUBG1,RPL14
B0ZBD0,P43351,RPS19,RAD52
P15531,P23258,NME1,TUBG1
O75558,Q96HA8,STX11,WDYHV1
Q9BYD1,Q9P015,MRPL13,MRPL15
P07900,Q9UNS2,HSP90AA1,COPS3
P08069,P63096,IGF1R,GNAI1
P23258,P34931,TUBG1,HSPA1L
Q96DC9,Q9C035,OTUB2,TRIM5
P23258,P46778,TUBG1,RPL21
P23258,P62249,TUBG1,RPS16
P15880,P23258,RPS2,TUBG1
A0A024R475,Q8N4N3,CUL3,KLHL36
P07900,Q8N4N3,HSP90AA1,KLHL36
P43351,P62258,RAD52,YWHAE
P07900,P43351,HSP90AA1,RAD52
P43351,P68104,RAD52,EEF1A1
P26641,P43351,EEF1G,RAD52
P07195,P43351,LDHB,RAD52
P12277,P43351,CKB,RAD52
P06733,P43351,ENO1,RAD52
K7EK33,P43351,DAZAP1,RAD52
P43351,P55735,RAD52,SEC13
O95379,P38646,TNFAIP8,HSPA9
P62877,Q9UNS2,RBX1,COPS3
P23258,P47929,TUBG1,LGALS7B; LGALS7
Q15744,Q9UNS2,CEBPE,COPS3
Q15370,Q9UNS2,ELOB,COPS3
A0A024QYX8,Q6NYC1,WAS,JMJD6
O95379,Q96CG3,TNFAIP8,TIFA
P23258,P61254,TUBG1,RPL26
F1D8S4,Q9BV79,NR1C1,MECR
Q13620,Q9UNS2,CUL4B,COPS3
D0PNI1,P43351,YWHAZ,RAD52
O43291,P23258,SPINT2,TUBG1
Q6NYC1,Q9UGU5,JMJD6,HMGXB4
A0A024RCA7,P23258,RPLP2,TUBG1
O95391,Q6NYC1,SLU7,JMJD6
O75489,P19404,NDUFS3,NDUFV2
P28360,P31273,MSX1,HOXC8
D0PNI1,P23258,YWHAZ,TUBG1
O75489,P01106,NDUFS3,MYC
P01106,P23258,MYC,TUBG1
Q6NYC1,Q8IYM2,JMJD6,SLFN12
P10276,Q9BV79,RARA,MECR
O14832,Q9UNS2,PHYH,COPS3
P23258,Q9P2P5,TUBG1,HECW2
D9ZGG2,Q5SSJ5,VTN,HP1BP3
A0A024RC33,Q9BTT6,MAPRE2,LRRC1
Q96RT1,Q9BTT6,ERBIN,LRRC1
Q12959,Q9BTT6,DLG1,LRRC1
B2RNT7,Q9UNS2,KLHDC5,COPS3
A0A024R8S5,P13674,P4HB,P4HA1
P56817,Q96IZ0,BACE1,PAWR
A0A024R397,P55210,PANX1,CASP7
A0A024RB32,P55210,PTGES3,CASP7
A0A024R471,Q9UNS2,COPS7B,COPS3
P23258,Q9UGJ1,TUBG1,TUBGCP4
K7PPA8,Q6NYC1,TP53,JMJD6
Q16630,Q6NYC1,CPSF6,JMJD6
P27694,P43351,RPA1,RAD52
P55210,P55211,CASP7,CASP9
P19447,P43351,ERCC3,RAD52
P18074,P43351,ERCC2,RAD52
P08069,Q06124,IGF1R,PTPN11
A0A024R4D1,Q9UNS2,COPS8,COPS3
P15927,P43351,RPA2,RAD52
P43351,P63279,RAD52,UBE2I
A4D105,P43351,RPA3,RAD52
A0A024RA61,Q6NYC1,HNRNPA2B1,JMJD6
P55210,P55212,CASP7,CASP6
A0A024RAS5,P55210,ARHGDIB,CASP7
P08069,Q99683,IGF1R,MAP3K5
O00566,Q96G21,MPHOSPH10,IMP4
P23258,Q92834,TUBG1,RPGR
P28360,P35548,MSX1,MSX2
P23258,P53350,TUBG1,PLK1
A0A024R136,P23258,RACGAP1,TUBG1
P23258,Q9NS23,TUBG1,RASSF1
P23258,Q96CW5,TUBG1,TUBGCP3
A0A024R7W9,Q9UNS2,COPS5,COPS3
P23258,P27986,TUBG1,PIK3R1
P08727,P23258,KRT19,TUBG1
P43351,Q92889,RAD52,ERCC4
P23258,Q13748,TUBG1,TUBA3D; TUBA3C
P23258,Q76KD6,TUBG1,SPATC1
P23258,Q9HC77,TUBG1,CENPJ
Q96HA8,Q99708,WDYHV1,RBBP8
P43351,Q14191,RAD52,WRN
O94973,P61966,AP2A2,AP1S1
P61966,Q9Y6Q5,AP1S1,AP1M2
P19447,P43351,ERCC3,RAD52
Q9C030,Q9C035,TRIM6,TRIM5
P21675,P28360,TAF1,MSX1
Q9NRM6,Q9UHF5,IL17RB,IL17B
G4XH65,P08069,ESR1,IGF1R
P05556,P08069,ITGB1,IGF1R
P04899,P08069,GNAI2,IGF1R
O60674,P08069,JAK2,IGF1R
I3WAC9,P08069,INS,IGF1R
P08069,Q06124,IGF1R,PTPN11
E9KL35,P08069,RACK1,IGF1R
P08069,P12931,IGF1R,SRC
O14654,P08069,IRS4,IGF1R
O14543,P08069,SOCS3,IGF1R
P08069,Q9UEF7,IGF1R,KL
P08069,Q15139,IGF1R,PRKD1
P08069,Q9UKW4,IGF1R,VAV3
P08069,P62987,IGF1R,UBA52
B2R5U3,P08069,EHD1,IGF1R
A0A024R6S2,P08069,DOK4,IGF1R
P23258,Q96L34,TUBG1,MARK4
P43351,P49736,RAD52,MCM2
P43351,Q06609,RAD52,RAD51
F1D8N5,P55210,NR3C4,CASP7
Q9BTT6,Q9P2H0,LRRC1,CEP126
P23258,Q9NXR1,TUBG1,NDE1
A0A024R9B4,P23258,CNTN2,TUBG1
P08069,P46934,IGF1R,NEDD4
Q16637,Q96HA8,SMN1; SMN2,WDYHV1
P08670,Q12934,VIM,BFSP1
F1D8Q5,Q9BV79,NR2B1,MECR
P10276,Q9BV79,RARA,MECR
P41235,Q9BV79,HNF4A,MECR
F1D8N7,Q9BV79,NR1A2,MECR
O75843,P61966,AP1G2,AP1S1
O75475,P55210,PSIP1,CASP7
Q96RT1,Q9BTT6,ERBIN,LRRC1
Q99627,Q9UNS2,COPS8,COPS3
P04637,P28360,TP53,MSX1
A0A024RDY7,O95379,MED4,TNFAIP8
P04637,Q9UNS2,TP53,COPS3
P98170,Q96HA8,XIAP,WDYHV1
O43747,P61966,AP1G1,AP1S1
P28360,P55771,MSX1,PAX9
P07814,P41252,EPRS,IARS
P28360,Q04727,MSX1,TLE4
P28360,P50458,MSX1,LHX2
P08069,Q03135,IGF1R,CAV1
P36542,Q96IZ0,ATP5F1C,PAWR
P62070,Q96IZ0,RRAS2,PAWR
P29590,Q96IZ0,PML,PAWR
A0A024R4Q5,Q96IZ0,TFPT,PAWR
Q96IZ0,Q9NY61,PAWR,AATF
Q96IZ0,Q9GZV3,PAWR,SLC5A7
Q96IZ0,Q9NVV9,PAWR,THAP1
Q9H293,Q9NRM6,IL25,IL17RB
O43439,Q96HA8,CBFA2T2,WDYHV1
Q9P2M1,Q9UNS2,LRP2BP,COPS3
P08047,P28360,SP1,MSX1
Q9BT78,Q9UNS2,COPS4,COPS3
Q9C035,Q9H0C5,TRIM5,BTBD1
Q7L5N1,Q9UNS2,COPS6,COPS3
P28360,Q04724,MSX1,TLE1
A0A024RAY2,P23258,KRT18,TUBG1
P23760,P28360,PAX3,MSX1
P23258,P68363,TUBG1,TUBA1B
P20226,P28360,TBP,MSX1
P14859,P28360,POU2F1,MSX1
P28360,P61956,MSX1,SUMO2
P28360,P49802,MSX1,RGS7
Q05513,Q96IZ0,PRKCZ,PAWR
Q9BX70,Q9C035,BTBD2,TRIM5
P23258,P68371,TUBG1,TUBB4B
Q93034,Q9UNS2,CUL5,COPS3
A0A0A0MR45,P55210,CAST,CASP7
P27694,P43351,RPA1,RAD52
P18074,P43351,ERCC2,RAD52
P58340,Q9UNS2,MLF1,COPS3
P61201,Q9UNS2,COPS2,COPS3
Q14194,Q9BTT6,CRMP1,LRRC1
Q12934,Q13515,BFSP1,BFSP2
P41250,P41252,GARS,IARS
Q12959,Q9BTT6,DLG1,LRRC1
P25205,P43351,MCM3,RAD52
A0A024R8E2,P43351,ABL1,RAD52
A0A024R3Z2,P43351,SUMO1,RAD52
P08069,P17936,IGF1R,IGFBP3
P08069,P40763,IGF1R,STAT3
A7UKX8,P08069,MDM2,IGF1R
P08069,P23458,IGF1R,JAK1
P05019,P08069,IGF1,IGF1R
P08069,P22681,IGF1R,CBL
P08069,P27986,IGF1R,PIK3R1
P08069,Q13322,IGF1R,GRB10
O15524,P08069,SOCS1,IGF1R
P08069,P62258,IGF1R,YWHAE
A0A024R7I1,P08069,GIPC1,IGF1R
P08069,Q9NZN5,IGF1R,ARHGEF12
A0A024RBD2,P08069,SOCS2,IGF1R
P08069,Q9P104,IGF1R,DOK5
P78352,Q9BTT6,DLG4,LRRC1
Q9UBW8,Q9UNS2,COPS7A,COPS3
P19525,P55210,EIF2AK2,CASP7
P55210,Q13489,CASP7,BIRC3
P19438,P55210,TNFRSF1A,CASP7
P08670,P55210,VIM,CASP7
P55210,Q06609,CASP7,RAD51
P07948,P55210,LYN,CASP7
P08311,P55210,CTSG,CASP7
P55210,Q05513,CASP7,PRKCZ
A0A024RAY2,P55210,KRT18,CASP7
P11021,P55210,HSPA5,CASP7
P20936,P55210,RASA1,CASP7
A0A024R682,P55210,MAX,CASP7
A0A024RD16,P55210,SRF,CASP7
A0A024R4H5,P55210,DFFA,CASP7
A4D2P0,P55210,RAC1,CASP7
P55210,Q9UBF6,CASP7,RNF7
A0A024R2U5,P55210,GORASP1,CASP7
P55210,Q5U0E6,CASP7,STK24
O95155,P55210,UBE4B,CASP7
Q9NRM6,Q9Y4K3,IL17RB,TRAF6
A0A024R3Z2,P28360,SUMO1,MSX1
O75925,P28360,PIAS1,MSX1
P23258,Q9UGJ1,TUBG1,TUBGCP4
L7RRS6,Q9UNS2,RAF1,COPS3
P08069,P46109,IGF1R,CRKL
Q7Z6G3,Q96HA8,NECAB2,WDYHV1
G4XH65,Q14151,ESR1,SAFB2
O60504,Q14151,SORBS3,SAFB2
Q13098,Q9UNS2,GPS1,COPS3
P08069,Q7Z3Y8,IGF1R,KRT27
P23258,P49023,TUBG1,PXN
P15927,P43351,RPA2,RAD52
P43351,P63279,RAD52,UBE2I
F1D8N5,P41252,NR3C4,IARS
P01344,P08069,IGF2,IGF1R
P42575,P55210,CASP2,CASP7
P55210,Q02078,CASP7,MEF2A
P55210,Q14814,CASP7,MEF2D
P49810,P55210,PSEN2,CASP7
P55210,Q13490,CASP7,BIRC2
P06454,P55210,PTMA,CASP7
A0A024RAE4,P55210,CDC42,CASP7
A0A024RDV3,P55210,RB1,CASP7
P55210,P98170,CASP7,XIAP
P10144,P55210,GZMB,CASP7
P15924,P55210,DSP,CASP7
P49768,P55210,PSEN1,CASP7
P55210,Q92851,CASP7,CASP10
P46934,P55210,NEDD4,CASP7
P55210,Q08378,CASP7,GOLGA3
O15392,P55210,BIRC5,CASP7
O15519,P55210,CFLAR,CASP7
P55210,P61289,CASP7,PSME3
A0A024R9J0,P55210,RAD21,CASP7
P55210,Q14203,CASP7,DCTN1
P55210,Q9HAW4,CASP7,CLSPN
O95613,P23258,PCNT,TUBG1
P02489,Q96HA8,CRYAA,WDYHV1
O95273,Q9P015,CCNDBP1,MRPL15
O95379,Q8NBZ0,TNFAIP8,INO80E
Q13404,Q9C035,UBE2V1,TRIM5
A0A024RA90,Q9C035,UBE2D4,TRIM5
P61088,Q9C035,UBE2N,TRIM5
D3DR86,P41252,NFKB2,IARS
P23258,Q9NRI5,TUBG1,DISC1
P23258,P49841,TUBG1,GSK3B
P23258,Q53EZ4,TUBG1,CEP55
Q13064,Q9C035,MKRN3,TRIM5
Q53G59,Q96HA8,KLHL12,WDYHV1
O75489,P12544,NDUFS3,GZMA
P55072,Q96HA8,VCP,WDYHV1
A0A024RCY2,Q96HA8,MDFI,WDYHV1
Q96HA8,Q9UL45,WDYHV1,BLOC1S6
P61457,Q96HA8,PCBD1,WDYHV1
P38432,Q96HA8,COIL,WDYHV1
O95259,Q96HA8,KCNH1,WDYHV1
Q08379,Q96HA8,GOLGA2,WDYHV1
Q08AM6,Q96HA8,VAC14,WDYHV1
Q15323,Q96HA8,KRT31,WDYHV1
A0A024RC45,Q96HA8,KCTD1,WDYHV1
I4AY87,Q96HA8,MIF,WDYHV1
P49247,Q96HA8,RPIA,WDYHV1
Q92698,Q96HA8,RAD54L,WDYHV1
Q96HA8,Q9NQ48,WDYHV1,LZTFL1
P41252,Q99759,IARS,MAP3K3
P43351,Q14191,RAD52,WRN
P60370,Q96HA8,KRTAP10-5,WDYHV1
O15169,P23258,AXIN1,TUBG1
P23258,Q9P209,TUBG1,CEP72
P23258,Q08AG7,TUBG1,MZT1
P23258,Q6NZ67,TUBG1,MZT2B
Q6NYC1,Q9Y4E5,JMJD6,ZNF451
P23258,Q96L34,TUBG1,MARK4
B3KSH4,Q9C035,HIP2,TRIM5
A0A024RB45,O95379,PRR13,TNFAIP8
B2R6Q4,P08069,CSK,IGF1R
L7RT18,P08069,CRK,IGF1R
P08069,P29353,IGF1R,SHC1
P08069,Q6PIS1,IGF1R,SLC23A3
P08069,P22223,IGF1R,CDH3
P08069,P49407,IGF1R,ARRB1
P08069,Q14449,IGF1R,GRB14
P08069,Q01995,IGF1R,TAGLN
A0A024R2Q3,P08069,CTNNB1,IGF1R
P08069,P40763,IGF1R,STAT3
P08069,Q92569,IGF1R,PIK3R3
P08069,P09630,IGF1R,HOXC6
P08069,Q9Y337,IGF1R,KLK5
B2RBR3,P08069,LYPD3,IGF1R
P08069,Q9BTC8,IGF1R,MTA3
P08069,P11245,IGF1R,NAT2
A0A024R305,P08069,BAP1,IGF1R
P08069,Q14258,IGF1R,TRIM25
P08069,Q9NRW7,IGF1R,VPS45
O00459,P08069,PIK3R2,IGF1R
A0A024R499,P08069,IRS1,IGF1R
P08069,P20936,IGF1R,RASA1
P05019,P08069,IGF1,IGF1R
A8K3M3,P08069,PTPN1,IGF1R
D0PNI1,P08069,YWHAZ,IGF1R
P08069,P31946,IGF1R,YWHAB
P55210,P98170,CASP7,XIAP
P43351,Q06609,RAD52,RAD51
A0A024R843,Q9C035,TRIM32,TRIM5
A0A024R4T0,Q14151,ZNF447,SAFB2
O95379,Q9H8W4,TNFAIP8,PLEKHF2
O43439,Q96HA8,CBFA2T2,WDYHV1
P14923,Q96HA8,JUP,WDYHV1
P15531,Q96HA8,NME1,WDYHV1
Q15645,Q96HA8,TRIP13,WDYHV1
A1L306,Q96HA8,TNR,WDYHV1
O95848,Q96HA8,NUDT14,WDYHV1
P00492,Q96HA8,HPRT1,WDYHV1
P20807,Q96HA8,CAPN3,WDYHV1
P41212,Q96HA8,ETV6,WDYHV1
P14373,Q96HA8,TRIM27,WDYHV1
Q01850,Q96HA8,CDR2,WDYHV1
Q13867,Q96HA8,BLMH,WDYHV1
Q5JR59,Q96HA8,MTUS2,WDYHV1
Q96GX9,Q96HA8,APIP,WDYHV1
O60547,Q96HA8,GMDS,WDYHV1
Q8NA82,Q96HA8,MARCH10,WDYHV1
Q96BR9,Q96HA8,ZBTB8A,WDYHV1
Q96HA8,Q9BV19,WDYHV1,C1orf50
Q96HA8,Q9UI14,WDYHV1,RABAC1
Q96HA8,Q9BXD5,WDYHV1,NPL
Q96HA8,Q9BYN7,WDYHV1,ZNF341
Q96HA8,Q9BYV2,WDYHV1,TRIM54
Q14749,Q96HA8,GNMT,WDYHV1
P55210,Q13490,CASP7,BIRC2
P26371,Q96HA8,KRTAP5-9,WDYHV1
P05060,Q14151,CHGB,SAFB2
Q96HA8,Q9BPX1,WDYHV1,HSD17B14
Q15714,Q96HA8,TSC22D1,WDYHV1
O75582,Q9NRM6,RPS6KA5,IL17RB
P32929,Q96HA8,CTH,WDYHV1
P31947,Q96HA8,SFN,WDYHV1
O75553,Q96HA8,DAB1,WDYHV1
P23258,Q9NYZ3,TUBG1,GTSE1
Q9BTT6,Q9P2H0,LRRC1,CEP126
Q93062,Q96HA8,RBPMS,WDYHV1
Q16531,Q9UNS2,DDB1,COPS3
Q14151,Q15424,SAFB2,SAFB
P41252,Q9Y6K9,IARS,IKBKG
O60861,Q96HA8,GAS7,WDYHV1
A0A024QZF1,Q12934,NUP62,BFSP1
O43663,Q15834,PRC1,CCDC85B
O43663,P35900,PRC1,KRT20
O43663,O94972,PRC1,TRIM37
A0A024R7H3,O43663,USHBP1,PRC1
O43663,O95239,PRC1,KIF4A
A0A024RDH2,Q9C035,UBE2D3,TRIM5
Q00765,Q6P1Q0,REEP5,LETMD1
Q96HA8,Q9BXI3,WDYHV1,NT5C1A
O95379,Q12974,TNFAIP8,PTP4A2
P11217,Q96HA8,PYGM,WDYHV1
A0A024RDL8,Q96HA8,ASL,WDYHV1
A0A024R932,Q6NYC1,C1orf155,JMJD6
Q4G0J3,Q6NYC1,LARP7,JMJD6
Q14938,Q6NYC1,NFIX,JMJD6
P62191,Q6NYC1,PSMC1,JMJD6
Q6NYC1,Q6UXX9,JMJD6,RSPO2
Q15573,Q6NYC1,TAF1A,JMJD6
Q01081,Q6NYC1,U2AF1,JMJD6
Q17RB8,Q96HA8,LONRF1,WDYHV1
Q8WWZ3,Q96HA8,EDARADD,WDYHV1
Q96HA8,Q9BYQ4,WDYHV1,KRTAP9-2
A4D1L5,Q9C035,UBE2H,TRIM5
Q5VVX9,Q9C035,UBE2U,TRIM5
A0A024RB38,Q6NYC1,STAC3,JMJD6
O95379,Q14315,TNFAIP8,FLNC
P60709,Q96HA8,ACTB,WDYHV1
A0A024R4E1,P28360,NMNAT1,MSX1
Q96HA8,Q9BYR5,WDYHV1,KRTAP4-2
P28360,Q9UNL4,MSX1,ING4
Q8IUQ4,Q96HA8,SIAH1,WDYHV1
P04626,P41252,ERBB2,IARS
O43293,Q96IZ0,DAPK3,PAWR
P11021,Q96IZ0,HSPA5,PAWR
Q96IZ0,Q99619,PAWR,SPSB2
Q96A44,Q96IZ0,SPSB4,PAWR
A0A024QZJ2,Q9C035,UBE2D1,TRIM5
A0A024RD80,Q5SSJ5,HSP90AB1,HP1BP3
K9JA46,Q5SSJ5,EL52,HP1BP3
H3BTW2,Q96HA8,NECAB2,WDYHV1
A0A024R688,Q9C035,MNAT1,TRIM5
P19438,P55210,TNFRSF1A,CASP7
Q9BYJ4,Q9C035,TRIM34,TRIM5
Q6NYC1,Q96IZ7,JMJD6,RSRC1
A0A024R7Z5,O95379,SDCBP,TNFAIP8
P43364,Q96HA8,MAGEA11,WDYHV1
Q03393,Q96HA8,PTS,WDYHV1
P13674,Q15773,P4HA1,MLF2
Q59EK9,Q9P015,RUNDC3A,MRPL15
P55210,P80303,CASP7,NUCB2
Q96HA8,Q9BYQ2,WDYHV1,KRTAP9-4
P17405,P55210,SMPD1,CASP7
P13674,P42858,P4HA1,HTT
Q9BX70,Q9C035,BTBD2,TRIM5
A0JLT2,P28360,MED19,MSX1
P30480,Q9UNS2,HLA-B,COPS3
P23258,Q8WUM4,TUBG1,PDCD6IP
P36542,Q96IZ0,ATP5F1C,PAWR
P62070,Q96IZ0,RRAS2,PAWR
P63261,Q96HA8,ACTG1,WDYHV1
A0A024R178,Q9UNS2,ARAF,COPS3
P49354,Q14151,FNTA,SAFB2
A1A4H1,Q96HA8,CCDC102B,WDYHV1
Q96HA8,Q9UH03,WDYHV1,SEPT3
A4D127,Q5SSJ5,MEOX2,HP1BP3
A0A024R4G8,Q96IZ0,SPSB1,PAWR
O75306,O75489,NDUFS2,NDUFS3
O75489,P51970,NDUFS3,NDUFA8
O75489,Q96S79,NDUFS3,RASL10B
Q6NYC1,Q8NAV1,JMJD6,PRPF38A
P41252,Q00653,IARS,NFKB2
P41252,Q92844,IARS,TANK
Q96HA8,Q9BRK4,WDYHV1,LZTS2
A0A024R880,Q6NYC1,CDK9,JMJD6
Q96HA8,Q9H773,WDYHV1,DCTPP1
P05107,Q9UNS2,ITGB2,COPS3
